"language","analysis","scheme","replicate","variant","engine","structure","hypothesis","term","estimate","se","z","n_participants","n_rows","singular","opt_conv","max_grad","warnings","secs"
"English","ordinal","full",0,"clmm","clmm","R ~ S_Type * Semantics_scaled + (1 | Participant) + (1 | VS)","h1a","Semantics_scaled",0.682077,0.156508,4.3581,70,30240,FALSE,0,0.023272,"",1200.17
"English","ordinal","full",0,"clmm","clmm","R ~ S_Type * Semantics_scaled + (1 | Participant) + (1 | VS)","h1b","S_TypeActive:Semantics_scaled",-0.981336,0.225538,-4.35109,70,30240,FALSE,0,0.023272,"",1200.17
"English","ordinal","full",0,"clmm","clmm","R ~ S_Type * Semantics_scaled + (1 | Participant) + (1 | VS)","h2","S_TypePseudo_Passive:Semantics_scaled",-0.930159,0.219898,-4.22996,70,30240,FALSE,0,0.023272,"",1200.17
"Turkish","ordinal","full",0,"clmm","clmm","R ~ S_Type * Semantics_scaled + (1 | Participant) + (1 | VS)","h1a","Semantics_scaled",0.286295,0.143557,1.9943,70,30240,FALSE,0,0.0210712,"",1074.83
"Turkish","ordinal","full",0,"clmm","clmm","R ~ S_Type * Semantics_scaled + (1 | Participant) + (1 | VS)","h1b","S_TypeActive:Semantics_scaled",-0.238051,0.211634,-1.12483,70,30240,FALSE,0,0.0210712,"",1074.83
"Turkish","ordinal","full",0,"clmm","clmm","R ~ S_Type * Semantics_scaled + (1 | Participant) + (1 | VS)","h2","S_TypePseudo_Passive:Semantics_scaled",0.254481,0.203232,1.25217,70,30240,FALSE,0,0.0210712,"",1074.83
"English","ordinal","A_verb_split_lists",1,"clmm","clmm","R ~ S_Type * Semantics_scaled + (1 | Participant) + (1 | VS)","h1a","Semantics_scaled",0.694985,0.158561,4.38309,70,15120,FALSE,0,0.0181077,"",1046.89
"English","ordinal","A_verb_split_lists",1,"clmm","clmm","R ~ S_Type * Semantics_scaled + (1 | Participant) + (1 | VS)","h1b","S_TypeActive:Semantics_scaled",-0.950097,0.232015,-4.09497,70,15120,FALSE,0,0.0181077,"",1046.89
"English","ordinal","A_verb_split_lists",1,"clmm","clmm","R ~ S_Type * Semantics_scaled + (1 | Participant) + (1 | VS)","h2","S_TypePseudo_Passive:Semantics_scaled",-0.933532,0.221301,-4.21838,70,15120,FALSE,0,0.0181077,"",1046.89
"English","ordinal","A_verb_split_lists",2,"clmm","clmm","R ~ S_Type * Semantics_scaled + (1 | Participant) + (1 | VS)","h1a","Semantics_scaled",0.71866,0.159704,4.49995,70,15120,FALSE,0,0.015133,"",741.59
"English","ordinal","A_verb_split_lists",2,"clmm","clmm","R ~ S_Type * Semantics_scaled + (1 | Participant) + (1 | VS)","h1b","S_TypeActive:Semantics_scaled",-1.03836,0.233693,-4.44326,70,15120,FALSE,0,0.015133,"",741.59
"English","ordinal","A_verb_split_lists",2,"clmm","clmm","R ~ S_Type * Semantics_scaled + (1 | Participant) + (1 | VS)","h2","S_TypePseudo_Passive:Semantics_scaled",-0.934528,0.222867,-4.1932,70,15120,FALSE,0,0.015133,"",741.59
"Turkish","ordinal","A_verb_split_lists",1,"clmm","clmm","R ~ S_Type * Semantics_scaled + (1 | Participant) + (1 | VS)","h1a","Semantics_scaled",0.289334,0.146332,1.97724,70,15120,FALSE,0,0.0184004,"",986.42
"Turkish","ordinal","A_verb_split_lists",1,"clmm","clmm","R ~ S_Type * Semantics_scaled + (1 | Participant) + (1 | VS)","h1b","S_TypeActive:Semantics_scaled",-0.261646,0.223714,-1.16956,70,15120,FALSE,0,0.0184004,"",986.42
"Turkish","ordinal","A_verb_split_lists",1,"clmm","clmm","R ~ S_Type * Semantics_scaled + (1 | Participant) + (1 | VS)","h2","S_TypePseudo_Passive:Semantics_scaled",0.200935,0.207358,0.969025,70,15120,FALSE,0,0.0184004,"",986.42
"Turkish","ordinal","A_verb_split_lists",2,"clmm","clmm","R ~ S_Type * Semantics_scaled + (1 | Participant) + (1 | VS)","h1a","Semantics_scaled",0.262126,0.143976,1.82063,70,15120,FALSE,0,0.00296337,"",962.4
"Turkish","ordinal","A_verb_split_lists",2,"clmm","clmm","R ~ S_Type * Semantics_scaled + (1 | Participant) + (1 | VS)","h1b","S_TypeActive:Semantics_scaled",-0.195175,0.219837,-0.887818,70,15120,FALSE,0,0.00296337,"",962.4
"Turkish","ordinal","A_verb_split_lists",2,"clmm","clmm","R ~ S_Type * Semantics_scaled + (1 | Participant) + (1 | VS)","h2","S_TypePseudo_Passive:Semantics_scaled",0.251639,0.20406,1.23317,70,15120,FALSE,0,0.00296337,"",962.4
"Norwegian","ordinal","full",0,"clmm","clmm","R ~ S_Type * Semantics_scaled + (1 | Participant) + (1 | VS)","h1a","Semantics_scaled",0.450711,0.155603,2.89655,57,15048,FALSE,0,0.00903287,"",501.07
"Norwegian","ordinal","full",0,"clmm","clmm","R ~ S_Type * Semantics_scaled + (1 | Participant) + (1 | VS)","h1b","S_TypeActive:Semantics_scaled",-0.531104,0.220622,-2.4073,57,15048,FALSE,0,0.00903287,"",501.07
"Norwegian","ordinal","A_verb_split_lists",1,"clmm","clmm","R ~ S_Type * Semantics_scaled + (1 | Participant) + (1 | VS)","h1a","Semantics_scaled",0.379058,0.155867,2.43193,57,7524,FALSE,0,0.0133989,"",235.28
"Norwegian","ordinal","A_verb_split_lists",1,"clmm","clmm","R ~ S_Type * Semantics_scaled + (1 | Participant) + (1 | VS)","h1b","S_TypeActive:Semantics_scaled",-0.469273,0.221818,-2.11558,57,7524,FALSE,0,0.0133989,"",235.28
"Norwegian","ordinal","A_verb_split_lists",2,"clmm","clmm","R ~ S_Type * Semantics_scaled + (1 | Participant) + (1 | VS)","h1a","Semantics_scaled",0.466493,0.155471,3.00051,57,7524,FALSE,0,0.0187882,"",401.02
"Norwegian","ordinal","A_verb_split_lists",2,"clmm","clmm","R ~ S_Type * Semantics_scaled + (1 | Participant) + (1 | VS)","h1b","S_TypeActive:Semantics_scaled",-0.601452,0.22064,-2.72594,57,7524,FALSE,0,0.0187882,"",401.02
"English","variance","full_cell_and_participant_verb",0,"selected","lmer","P[corr:1,Act,PP,Sem,ActSem,PPSem] V[corr:1,Act,PP]","h1a","Semantics_scaled",0.257667,0.0785894,3.27865,70,30240,FALSE,0,NA,"",467.3
"English","variance","full_cell_and_participant_verb",0,"selected","lmer","P[corr:1,Act,PP,Sem,ActSem,PPSem] V[corr:1,Act,PP]","h1b","S_TypeActive:Semantics_scaled",-0.328298,0.0764356,-4.29509,70,30240,FALSE,0,NA,"",467.3
"English","variance","full_cell_and_participant_verb",0,"selected","lmer","P[corr:1,Act,PP,Sem,ActSem,PPSem] V[corr:1,Act,PP]","h2","S_TypePseudo_Passive:Semantics_scaled",-0.41391,0.0798686,-5.18238,70,30240,FALSE,0,NA,"",467.3
"Turkish","variance","full_cell_and_participant_verb",0,"selected","lmer","P[zcp:1,Act,PP,Sem,PPSem] V[zcp:1,Act,PP]","h1a","Semantics_scaled",0.14385,0.0591238,2.43303,70,30240,FALSE,0,NA,"",88.66
"Turkish","variance","full_cell_and_participant_verb",0,"selected","lmer","P[zcp:1,Act,PP,Sem,PPSem] V[zcp:1,Act,PP]","h1b","S_TypeActive:Semantics_scaled",-0.119237,0.0347178,-3.43445,70,30240,FALSE,0,NA,"",88.66
"Turkish","variance","full_cell_and_participant_verb",0,"selected","lmer","P[zcp:1,Act,PP,Sem,PPSem] V[zcp:1,Act,PP]","h2","S_TypePseudo_Passive:Semantics_scaled",0.0920506,0.0459208,2.00455,70,30240,FALSE,0,NA,"",88.66
"English","variance","full_cell_term",0,"selected","lmer","P[corr:1,Act,PP,Sem,ActSem,PPSem] V[corr:1,Act,PP]","h1a","Semantics_scaled",0.257667,0.0786018,3.27813,70,30240,FALSE,0,NA,"",334.96
"English","variance","full_cell_term",0,"selected","lmer","P[corr:1,Act,PP,Sem,ActSem,PPSem] V[corr:1,Act,PP]","h1b","S_TypeActive:Semantics_scaled",-0.328298,0.0756256,-4.34109,70,30240,FALSE,0,NA,"",334.96
"English","variance","full_cell_term",0,"selected","lmer","P[corr:1,Act,PP,Sem,ActSem,PPSem] V[corr:1,Act,PP]","h2","S_TypePseudo_Passive:Semantics_scaled",-0.41391,0.0790747,-5.23441,70,30240,FALSE,0,NA,"",334.96
"Turkish","variance","full_cell_term",0,"selected","lmer","P[zcp:1,Act,PP,Sem,PPSem] V[zcp:1,Act,PP]","h1a","Semantics_scaled",0.14385,0.0575457,2.49975,70,30240,FALSE,0,NA,"",52.63
"Turkish","variance","full_cell_term",0,"selected","lmer","P[zcp:1,Act,PP,Sem,PPSem] V[zcp:1,Act,PP]","h1b","S_TypeActive:Semantics_scaled",-0.119237,0.0327443,-3.64144,70,30240,FALSE,0,NA,"",52.63
"Turkish","variance","full_cell_term",0,"selected","lmer","P[zcp:1,Act,PP,Sem,PPSem] V[zcp:1,Act,PP]","h2","S_TypePseudo_Passive:Semantics_scaled",0.0920506,0.0437443,2.10429,70,30240,FALSE,0,NA,"",52.63
"English","information_loss","boot80_full",1,"selected","lmer","P[corr:1,Act,PP,Sem,ActSem,PPSem] V[corr:1,Act,PP]","h1a","Semantics_scaled",0.316273,0.0834869,3.78829,80,34560,FALSE,0,NA,"",218.22
"English","information_loss","boot80_full",1,"selected","lmer","P[corr:1,Act,PP,Sem,ActSem,PPSem] V[corr:1,Act,PP]","h1b","S_TypeActive:Semantics_scaled",-0.401974,0.0862576,-4.66016,80,34560,FALSE,0,NA,"",218.22
"English","information_loss","boot80_full",1,"selected","lmer","P[corr:1,Act,PP,Sem,ActSem,PPSem] V[corr:1,Act,PP]","h2","S_TypePseudo_Passive:Semantics_scaled",-0.488514,0.0848359,-5.75833,80,34560,FALSE,0,NA,"",218.22
"English","information_loss","boot80_full",2,"selected","lmer","P[corr:1,Act,PP,Sem,ActSem,PPSem] V[corr:1,Act,PP]","h1a","Semantics_scaled",0.286652,0.0821566,3.48909,80,34560,TRUE,0,NA,"",263.01
"English","information_loss","boot80_full",2,"selected","lmer","P[corr:1,Act,PP,Sem,ActSem,PPSem] V[corr:1,Act,PP]","h1b","S_TypeActive:Semantics_scaled",-0.332557,0.0759254,-4.38005,80,34560,TRUE,0,NA,"",263.01
"English","information_loss","boot80_full",2,"selected","lmer","P[corr:1,Act,PP,Sem,ActSem,PPSem] V[corr:1,Act,PP]","h2","S_TypePseudo_Passive:Semantics_scaled",-0.469469,0.083355,-5.63216,80,34560,TRUE,0,NA,"",263.01
"English","information_loss","boot80_full",3,"selected","lmer","P[corr:1,Act,PP,Sem,ActSem,PPSem] V[corr:1,Act,PP]","h1a","Semantics_scaled",0.219159,0.0714809,3.06597,80,34560,FALSE,0,NA,"",247.12
"English","information_loss","boot80_full",3,"selected","lmer","P[corr:1,Act,PP,Sem,ActSem,PPSem] V[corr:1,Act,PP]","h1b","S_TypeActive:Semantics_scaled",-0.251389,0.0670813,-3.74754,80,34560,FALSE,0,NA,"",247.12
"English","information_loss","boot80_full",3,"selected","lmer","P[corr:1,Act,PP,Sem,ActSem,PPSem] V[corr:1,Act,PP]","h2","S_TypePseudo_Passive:Semantics_scaled",-0.350238,0.0733019,-4.77803,80,34560,FALSE,0,NA,"",247.12
"Turkish","information_loss","boot80_full",1,"selected","lmer","P[zcp:1,Act,PP,Sem,PPSem] V[zcp:1,Act,PP]","h1a","Semantics_scaled",0.154767,0.0626116,2.47186,80,34560,FALSE,0,NA,"",67.39
"Turkish","information_loss","boot80_full",1,"selected","lmer","P[zcp:1,Act,PP,Sem,PPSem] V[zcp:1,Act,PP]","h1b","S_TypeActive:Semantics_scaled",-0.123655,0.0392706,-3.1488,80,34560,FALSE,0,NA,"",67.39
"Turkish","information_loss","boot80_full",1,"selected","lmer","P[zcp:1,Act,PP,Sem,PPSem] V[zcp:1,Act,PP]","h2","S_TypePseudo_Passive:Semantics_scaled",0.111309,0.0479879,2.31953,80,34560,FALSE,0,NA,"",67.39
"Turkish","information_loss","boot80_full",2,"selected","lmer","P[zcp:1,Act,PP,Sem,PPSem] V[zcp:1,Act,PP]","h1a","Semantics_scaled",0.146064,0.0613028,2.38267,80,34560,FALSE,0,NA,"",30.03
"Turkish","information_loss","boot80_full",2,"selected","lmer","P[zcp:1,Act,PP,Sem,PPSem] V[zcp:1,Act,PP]","h1b","S_TypeActive:Semantics_scaled",-0.100599,0.0411425,-2.44514,80,34560,FALSE,0,NA,"",30.03
"Turkish","information_loss","boot80_full",2,"selected","lmer","P[zcp:1,Act,PP,Sem,PPSem] V[zcp:1,Act,PP]","h2","S_TypePseudo_Passive:Semantics_scaled",0.13926,0.0527131,2.64184,80,34560,FALSE,0,NA,"",30.03
"Turkish","information_loss","boot80_full",3,"selected","lmer","P[zcp:1,Act,PP,Sem,PPSem] V[zcp:1,Act,PP]","h1a","Semantics_scaled",0.130484,0.063346,2.05987,80,34560,FALSE,0,NA,"",19.82
"Turkish","information_loss","boot80_full",3,"selected","lmer","P[zcp:1,Act,PP,Sem,PPSem] V[zcp:1,Act,PP]","h1b","S_TypeActive:Semantics_scaled",-0.122155,0.0384751,-3.1749,80,34560,FALSE,0,NA,"",19.82
"Turkish","information_loss","boot80_full",3,"selected","lmer","P[zcp:1,Act,PP,Sem,PPSem] V[zcp:1,Act,PP]","h2","S_TypePseudo_Passive:Semantics_scaled",0.0842009,0.0492475,1.70975,80,34560,FALSE,0,NA,"",19.82
"English","information_loss","full",0,"selected","lmer","P[corr:1,Act,PP,Sem,ActSem,PPSem] V[corr:1,Act,PP]","h1a","Semantics_scaled",0.257667,0.0789163,3.26506,70,30240,FALSE,0,NA,"",108.61
"English","information_loss","full",0,"selected","lmer","P[corr:1,Act,PP,Sem,ActSem,PPSem] V[corr:1,Act,PP]","h1b","S_TypeActive:Semantics_scaled",-0.328298,0.076271,-4.30436,70,30240,FALSE,0,NA,"",108.61
"English","information_loss","full",0,"selected","lmer","P[corr:1,Act,PP,Sem,ActSem,PPSem] V[corr:1,Act,PP]","h2","S_TypePseudo_Passive:Semantics_scaled",-0.41391,0.0797075,-5.19286,70,30240,FALSE,0,NA,"",108.61
"Turkish","information_loss","full",0,"selected","lmer","P[zcp:1,Act,PP,Sem,PPSem] V[zcp:1,Act,PP]","h1a","Semantics_scaled",0.14385,0.0589731,2.43924,70,30240,FALSE,0,NA,"",17.23
"Turkish","information_loss","full",0,"selected","lmer","P[zcp:1,Act,PP,Sem,PPSem] V[zcp:1,Act,PP]","h1b","S_TypeActive:Semantics_scaled",-0.119237,0.0340496,-3.50185,70,30240,FALSE,0,NA,"",17.23
"Turkish","information_loss","full",0,"selected","lmer","P[zcp:1,Act,PP,Sem,PPSem] V[zcp:1,Act,PP]","h2","S_TypePseudo_Passive:Semantics_scaled",0.0920506,0.0451801,2.03741,70,30240,FALSE,0,NA,"",17.23
"Turkish","information_loss","full",0,"maximal","lmer","P[corr:1,Act,PP,Sem,ActSem,PPSem] V[corr:1,Act,PP]","h1a","Semantics_scaled",0.14385,0.0668865,2.15065,70,30240,TRUE,0,NA,"",111.08
"Turkish","information_loss","full",0,"maximal","lmer","P[corr:1,Act,PP,Sem,ActSem,PPSem] V[corr:1,Act,PP]","h1b","S_TypeActive:Semantics_scaled",-0.119237,0.0426211,-2.7976,70,30240,TRUE,0,NA,"",111.08
"Turkish","information_loss","full",0,"maximal","lmer","P[corr:1,Act,PP,Sem,ActSem,PPSem] V[corr:1,Act,PP]","h2","S_TypePseudo_Passive:Semantics_scaled",0.0920506,0.0495103,1.85922,70,30240,TRUE,0,NA,"",111.08
"Norwegian","variance","full_cell_and_participant_verb",0,"selected","lmer","P[zcp:1,Act,Sem] V[corr:1,Act]","h1a","Semantics_scaled",0.172357,0.0990982,1.73925,57,15048,FALSE,0,NA,"",9.69
"Norwegian","variance","full_cell_and_participant_verb",0,"selected","lmer","P[zcp:1,Act,Sem] V[corr:1,Act]","h1b","S_TypeActive:Semantics_scaled",-0.276052,0.0588515,-4.69066,57,15048,FALSE,0,NA,"",9.69
"Norwegian","variance","full_cell_term",0,"selected","lmer","P[zcp:1,Act,Sem] V[corr:1,Act]","h1a","Semantics_scaled",0.172357,0.10006,1.72254,57,15048,FALSE,0,NA,"",6.19
"Norwegian","variance","full_cell_term",0,"selected","lmer","P[zcp:1,Act,Sem] V[corr:1,Act]","h1b","S_TypeActive:Semantics_scaled",-0.276052,0.0588436,-4.69129,57,15048,FALSE,0,NA,"",6.19
"English","information_loss","boot80_A_verb_split_lists",1,"selected","lmer","P[corr:1,Act,PP,Sem,ActSem,PPSem] V[corr:1,Act,PP]","h1a","Semantics_scaled",0.30826,0.0825013,3.73642,80,17280,FALSE,0,NA,"",94.67
"English","information_loss","boot80_A_verb_split_lists",1,"selected","lmer","P[corr:1,Act,PP,Sem,ActSem,PPSem] V[corr:1,Act,PP]","h1b","S_TypeActive:Semantics_scaled",-0.406144,0.0902569,-4.49987,80,17280,FALSE,0,NA,"",94.67
"English","information_loss","boot80_A_verb_split_lists",1,"selected","lmer","P[corr:1,Act,PP,Sem,ActSem,PPSem] V[corr:1,Act,PP]","h2","S_TypePseudo_Passive:Semantics_scaled",-0.514396,0.0853791,-6.02485,80,17280,FALSE,0,NA,"",94.67
"English","information_loss","boot80_A_verb_split_lists",2,"selected","lmer","P[corr:1,Act,PP,Sem,ActSem,PPSem] V[corr:1,Act,PP]","h1a","Semantics_scaled",0.267912,0.084474,3.17153,80,17280,FALSE,0,NA,"",87.7
"English","information_loss","boot80_A_verb_split_lists",2,"selected","lmer","P[corr:1,Act,PP,Sem,ActSem,PPSem] V[corr:1,Act,PP]","h1b","S_TypeActive:Semantics_scaled",-0.332848,0.0819872,-4.05976,80,17280,FALSE,0,NA,"",87.7
"English","information_loss","boot80_A_verb_split_lists",2,"selected","lmer","P[corr:1,Act,PP,Sem,ActSem,PPSem] V[corr:1,Act,PP]","h2","S_TypePseudo_Passive:Semantics_scaled",-0.414406,0.0898578,-4.61179,80,17280,FALSE,0,NA,"",87.7
"English","information_loss","boot80_A_verb_split_lists",3,"selected","lmer","P[corr:1,Act,PP,Sem,ActSem,PPSem] V[corr:1,Act,PP]","h1a","Semantics_scaled",0.221736,0.0771197,2.87521,80,17280,FALSE,0,NA,"",101.98
"English","information_loss","boot80_A_verb_split_lists",3,"selected","lmer","P[corr:1,Act,PP,Sem,ActSem,PPSem] V[corr:1,Act,PP]","h1b","S_TypeActive:Semantics_scaled",-0.26782,0.0717303,-3.7337,80,17280,FALSE,0,NA,"",101.98
"English","information_loss","boot80_A_verb_split_lists",3,"selected","lmer","P[corr:1,Act,PP,Sem,ActSem,PPSem] V[corr:1,Act,PP]","h2","S_TypePseudo_Passive:Semantics_scaled",-0.353656,0.0815043,-4.33911,80,17280,FALSE,0,NA,"",101.98
"Turkish","information_loss","boot80_A_verb_split_lists",1,"selected","lmer","P[zcp:1,Act,PP,Sem,PPSem] V[zcp:1,Act,PP]","h1a","Semantics_scaled",0.17909,0.058182,3.07811,80,17280,FALSE,0,NA,"",20.69
"Turkish","information_loss","boot80_A_verb_split_lists",1,"selected","lmer","P[zcp:1,Act,PP,Sem,PPSem] V[zcp:1,Act,PP]","h1b","S_TypeActive:Semantics_scaled",-0.153934,0.0367215,-4.19192,80,17280,FALSE,0,NA,"",20.69
"Turkish","information_loss","boot80_A_verb_split_lists",1,"selected","lmer","P[zcp:1,Act,PP,Sem,PPSem] V[zcp:1,Act,PP]","h2","S_TypePseudo_Passive:Semantics_scaled",0.0676947,0.0462,1.46525,80,17280,FALSE,0,NA,"",20.69
"Turkish","information_loss","boot80_A_verb_split_lists",2,"selected","lmer","P[zcp:1,Act,PP,Sem,PPSem] V[zcp:1,Act,PP]","h1a","Semantics_scaled",0.145196,0.0579957,2.50357,80,17280,FALSE,0,NA,"",17.81
"Turkish","information_loss","boot80_A_verb_split_lists",2,"selected","lmer","P[zcp:1,Act,PP,Sem,PPSem] V[zcp:1,Act,PP]","h1b","S_TypeActive:Semantics_scaled",-0.102053,0.0377933,-2.7003,80,17280,FALSE,0,NA,"",17.81
"Turkish","information_loss","boot80_A_verb_split_lists",2,"selected","lmer","P[zcp:1,Act,PP,Sem,PPSem] V[zcp:1,Act,PP]","h2","S_TypePseudo_Passive:Semantics_scaled",0.155345,0.0567933,2.73527,80,17280,FALSE,0,NA,"",17.81
"Turkish","information_loss","boot80_A_verb_split_lists",3,"selected","lmer","P[zcp:1,Act,PP,Sem,PPSem] V[zcp:1,Act,PP]","h1a","Semantics_scaled",0.142433,0.0587569,2.4241,80,17280,FALSE,0,NA,"",18.8
"Turkish","information_loss","boot80_A_verb_split_lists",3,"selected","lmer","P[zcp:1,Act,PP,Sem,PPSem] V[zcp:1,Act,PP]","h1b","S_TypeActive:Semantics_scaled",-0.14049,0.0340313,-4.12824,80,17280,FALSE,0,NA,"",18.8
"Turkish","information_loss","boot80_A_verb_split_lists",3,"selected","lmer","P[zcp:1,Act,PP,Sem,PPSem] V[zcp:1,Act,PP]","h2","S_TypePseudo_Passive:Semantics_scaled",0.0740458,0.0464152,1.59529,80,17280,FALSE,0,NA,"",18.8
"Norwegian","information_loss","boot80_full",1,"selected","lmer","P[zcp:1,Act,Sem] V[corr:1,Act]","h1a","Semantics_scaled",0.212796,0.117186,1.81588,80,21120,FALSE,0,NA,"",5.18
"Norwegian","information_loss","boot80_full",1,"selected","lmer","P[zcp:1,Act,Sem] V[corr:1,Act]","h1b","S_TypeActive:Semantics_scaled",-0.326271,0.0772098,-4.22577,80,21120,FALSE,0,NA,"",5.18
"Norwegian","information_loss","boot80_full",2,"selected","lmer","P[zcp:1,Act,Sem] V[corr:1,Act]","h1a","Semantics_scaled",0.21661,0.0953319,2.27217,80,21120,FALSE,0,NA,"",5.63
"Norwegian","information_loss","boot80_full",2,"selected","lmer","P[zcp:1,Act,Sem] V[corr:1,Act]","h1b","S_TypeActive:Semantics_scaled",-0.249418,0.0599322,-4.16166,80,21120,FALSE,0,NA,"",5.63
"Norwegian","information_loss","boot80_full",3,"selected","lmer","P[zcp:1,Act,Sem] V[corr:1,Act]","h1a","Semantics_scaled",0.105794,0.0906917,1.16653,80,21120,FALSE,0,NA,"",7.13
"Norwegian","information_loss","boot80_full",3,"selected","lmer","P[zcp:1,Act,Sem] V[corr:1,Act]","h1b","S_TypeActive:Semantics_scaled",-0.253922,0.0552342,-4.59719,80,21120,FALSE,0,NA,"",7.13
"English","information_loss","C_first_exposure",0,"selected","lmer","P[corr:1,Act,PP,Sem,ActSem,PPSem] V[corr:1,Act,PP]","h1a","Semantics_scaled",0.274157,0.084228,3.25494,70,15120,TRUE,0,NA,"",89.29
"English","information_loss","C_first_exposure",0,"selected","lmer","P[corr:1,Act,PP,Sem,ActSem,PPSem] V[corr:1,Act,PP]","h1b","S_TypeActive:Semantics_scaled",-0.353554,0.0818696,-4.3185,70,15120,TRUE,0,NA,"",89.29
"English","information_loss","C_first_exposure",0,"selected","lmer","P[corr:1,Act,PP,Sem,ActSem,PPSem] V[corr:1,Act,PP]","h2","S_TypePseudo_Passive:Semantics_scaled",-0.459119,0.0840275,-5.46391,70,15120,TRUE,0,NA,"",89.29
"English","information_loss","A_verb_split_lists",1,"selected","lmer","P[corr:1,Act,PP,Sem,ActSem,PPSem] V[corr:1,Act,PP]","h1a","Semantics_scaled",0.26369,0.083285,3.16611,70,15120,FALSE,0,NA,"",76.08
"English","information_loss","A_verb_split_lists",1,"selected","lmer","P[corr:1,Act,PP,Sem,ActSem,PPSem] V[corr:1,Act,PP]","h1b","S_TypeActive:Semantics_scaled",-0.327982,0.083001,-3.95154,70,15120,FALSE,0,NA,"",76.08
"English","information_loss","A_verb_split_lists",1,"selected","lmer","P[corr:1,Act,PP,Sem,ActSem,PPSem] V[corr:1,Act,PP]","h2","S_TypePseudo_Passive:Semantics_scaled",-0.405769,0.0814453,-4.9821,70,15120,FALSE,0,NA,"",76.08
"English","information_loss","A_verb_split_lists",2,"selected","lmer","P[corr:1,Act,PP,Sem,ActSem,PPSem] V[corr:1,Act,PP]","h1a","Semantics_scaled",0.274145,0.0830557,3.30074,70,15120,TRUE,0,NA,"",107.52
"English","information_loss","A_verb_split_lists",2,"selected","lmer","P[corr:1,Act,PP,Sem,ActSem,PPSem] V[corr:1,Act,PP]","h1b","S_TypeActive:Semantics_scaled",-0.343685,0.0778453,-4.41498,70,15120,TRUE,0,NA,"",107.52
"English","information_loss","A_verb_split_lists",2,"selected","lmer","P[corr:1,Act,PP,Sem,ActSem,PPSem] V[corr:1,Act,PP]","h2","S_TypePseudo_Passive:Semantics_scaled",-0.410419,0.0841953,-4.87461,70,15120,TRUE,0,NA,"",107.52
"English","information_loss","A_verb_split_lists",3,"selected","lmer","P[corr:1,Act,PP,Sem,ActSem,PPSem] V[corr:1,Act,PP]","h1a","Semantics_scaled",0.269117,0.0800667,3.36116,70,15120,FALSE,0,NA,"",83.25
"English","information_loss","A_verb_split_lists",3,"selected","lmer","P[corr:1,Act,PP,Sem,ActSem,PPSem] V[corr:1,Act,PP]","h1b","S_TypeActive:Semantics_scaled",-0.31413,0.0764162,-4.11078,70,15120,FALSE,0,NA,"",83.25
"English","information_loss","A_verb_split_lists",3,"selected","lmer","P[corr:1,Act,PP,Sem,ActSem,PPSem] V[corr:1,Act,PP]","h2","S_TypePseudo_Passive:Semantics_scaled",-0.41205,0.079116,-5.20818,70,15120,FALSE,0,NA,"",83.25
"English","information_loss","A_verb_split_lists",4,"selected","lmer","P[corr:1,Act,PP,Sem,ActSem,PPSem] V[corr:1,Act,PP]","h1a","Semantics_scaled",0.257688,0.0799158,3.22449,70,15120,FALSE,0,NA,"",87.52
"English","information_loss","A_verb_split_lists",4,"selected","lmer","P[corr:1,Act,PP,Sem,ActSem,PPSem] V[corr:1,Act,PP]","h1b","S_TypeActive:Semantics_scaled",-0.329099,0.0820809,-4.00944,70,15120,FALSE,0,NA,"",87.52
"English","information_loss","A_verb_split_lists",4,"selected","lmer","P[corr:1,Act,PP,Sem,ActSem,PPSem] V[corr:1,Act,PP]","h2","S_TypePseudo_Passive:Semantics_scaled",-0.426427,0.0836741,-5.09628,70,15120,FALSE,0,NA,"",87.52
"English","information_loss","A_verb_split_lists",5,"selected","lmer","P[corr:1,Act,PP,Sem,ActSem,PPSem] V[corr:1,Act,PP]","h1a","Semantics_scaled",0.273985,0.085433,3.20701,70,15120,FALSE,0,NA,"",151.88
"English","information_loss","A_verb_split_lists",5,"selected","lmer","P[corr:1,Act,PP,Sem,ActSem,PPSem] V[corr:1,Act,PP]","h1b","S_TypeActive:Semantics_scaled",-0.34094,0.0790987,-4.31031,70,15120,FALSE,0,NA,"",151.88
"English","information_loss","A_verb_split_lists",5,"selected","lmer","P[corr:1,Act,PP,Sem,ActSem,PPSem] V[corr:1,Act,PP]","h2","S_TypePseudo_Passive:Semantics_scaled",-0.39174,0.0839468,-4.66652,70,15120,FALSE,0,NA,"",151.88
"English","information_loss","A_verb_split_lists",6,"selected","lmer","P[corr:1,Act,PP,Sem,ActSem,PPSem] V[corr:1,Act,PP]","h1a","Semantics_scaled",0.277183,0.0781766,3.54559,70,15120,FALSE,0,NA,"",81.67
"English","information_loss","A_verb_split_lists",6,"selected","lmer","P[corr:1,Act,PP,Sem,ActSem,PPSem] V[corr:1,Act,PP]","h1b","S_TypeActive:Semantics_scaled",-0.343042,0.0723163,-4.74363,70,15120,FALSE,0,NA,"",81.67
"English","information_loss","A_verb_split_lists",6,"selected","lmer","P[corr:1,Act,PP,Sem,ActSem,PPSem] V[corr:1,Act,PP]","h2","S_TypePseudo_Passive:Semantics_scaled",-0.450499,0.0820499,-5.49055,70,15120,FALSE,0,NA,"",81.67
"English","information_loss","A_verb_split_lists",7,"selected","lmer","P[corr:1,Act,PP,Sem,ActSem,PPSem] V[corr:1,Act,PP]","h1a","Semantics_scaled",0.263192,0.0827905,3.17902,70,15120,FALSE,0,NA,"",86.53
"English","information_loss","A_verb_split_lists",7,"selected","lmer","P[corr:1,Act,PP,Sem,ActSem,PPSem] V[corr:1,Act,PP]","h1b","S_TypeActive:Semantics_scaled",-0.345161,0.0802272,-4.30229,70,15120,FALSE,0,NA,"",86.53
"English","information_loss","A_verb_split_lists",7,"selected","lmer","P[corr:1,Act,PP,Sem,ActSem,PPSem] V[corr:1,Act,PP]","h2","S_TypePseudo_Passive:Semantics_scaled",-0.411949,0.0846533,-4.86631,70,15120,FALSE,0,NA,"",86.53
"English","information_loss","A_verb_split_lists",8,"selected","lmer","P[corr:1,Act,PP,Sem,ActSem,PPSem] V[corr:1,Act,PP]","h1a","Semantics_scaled",0.269783,0.0791895,3.4068,70,15120,TRUE,0,NA,"",74.07
"English","information_loss","A_verb_split_lists",8,"selected","lmer","P[corr:1,Act,PP,Sem,ActSem,PPSem] V[corr:1,Act,PP]","h1b","S_TypeActive:Semantics_scaled",-0.330961,0.0777305,-4.25781,70,15120,TRUE,0,NA,"",74.07
"English","information_loss","A_verb_split_lists",8,"selected","lmer","P[corr:1,Act,PP,Sem,ActSem,PPSem] V[corr:1,Act,PP]","h2","S_TypePseudo_Passive:Semantics_scaled",-0.441336,0.0849479,-5.19537,70,15120,TRUE,0,NA,"",74.07
"English","information_loss","A_verb_split_lists",9,"selected","lmer","P[corr:1,Act,PP,Sem,ActSem,PPSem] V[corr:1,Act,PP]","h1a","Semantics_scaled",0.26061,0.0778013,3.34968,70,15120,TRUE,0,NA,"",94.79
"English","information_loss","A_verb_split_lists",9,"selected","lmer","P[corr:1,Act,PP,Sem,ActSem,PPSem] V[corr:1,Act,PP]","h1b","S_TypeActive:Semantics_scaled",-0.332282,0.0756781,-4.39072,70,15120,TRUE,0,NA,"",94.79
"English","information_loss","A_verb_split_lists",9,"selected","lmer","P[corr:1,Act,PP,Sem,ActSem,PPSem] V[corr:1,Act,PP]","h2","S_TypePseudo_Passive:Semantics_scaled",-0.434408,0.0834108,-5.20805,70,15120,TRUE,0,NA,"",94.79
"English","information_loss","A_verb_split_lists",10,"selected","lmer","P[corr:1,Act,PP,Sem,ActSem,PPSem] V[corr:1,Act,PP]","h1a","Semantics_scaled",0.241295,0.0794887,3.0356,70,15120,TRUE,0,NA,"",73.39
"English","information_loss","A_verb_split_lists",10,"selected","lmer","P[corr:1,Act,PP,Sem,ActSem,PPSem] V[corr:1,Act,PP]","h1b","S_TypeActive:Semantics_scaled",-0.302057,0.0769737,-3.92416,70,15120,TRUE,0,NA,"",73.39
"English","information_loss","A_verb_split_lists",10,"selected","lmer","P[corr:1,Act,PP,Sem,ActSem,PPSem] V[corr:1,Act,PP]","h2","S_TypePseudo_Passive:Semantics_scaled",-0.396247,0.0765994,-5.17298,70,15120,TRUE,0,NA,"",73.39
"English","information_loss","B_random_per_cell",1,"selected","lmer","P[corr:1,Act,PP,Sem,ActSem,PPSem] V[corr:1,Act,PP]","h1a","Semantics_scaled",0.298803,0.0823852,3.6269,70,15120,TRUE,0,NA,"",83.75
"English","information_loss","B_random_per_cell",1,"selected","lmer","P[corr:1,Act,PP,Sem,ActSem,PPSem] V[corr:1,Act,PP]","h1b","S_TypeActive:Semantics_scaled",-0.375359,0.0784037,-4.78752,70,15120,TRUE,0,NA,"",83.75
"English","information_loss","B_random_per_cell",1,"selected","lmer","P[corr:1,Act,PP,Sem,ActSem,PPSem] V[corr:1,Act,PP]","h2","S_TypePseudo_Passive:Semantics_scaled",-0.431752,0.0833073,-5.18264,70,15120,TRUE,0,NA,"",83.75
"English","information_loss","B_random_per_cell",2,"selected","lmer","P[corr:1,Act,PP,Sem,ActSem,PPSem] V[corr:1,Act,PP]","h1a","Semantics_scaled",0.273027,0.0822943,3.31769,70,15120,TRUE,0,NA,"",113.26
"English","information_loss","B_random_per_cell",2,"selected","lmer","P[corr:1,Act,PP,Sem,ActSem,PPSem] V[corr:1,Act,PP]","h1b","S_TypeActive:Semantics_scaled",-0.328989,0.0781303,-4.21077,70,15120,TRUE,0,NA,"",113.26
"English","information_loss","B_random_per_cell",2,"selected","lmer","P[corr:1,Act,PP,Sem,ActSem,PPSem] V[corr:1,Act,PP]","h2","S_TypePseudo_Passive:Semantics_scaled",-0.436024,0.080966,-5.38528,70,15120,TRUE,0,NA,"",113.26
"English","information_loss","B_random_per_cell",3,"selected","lmer","P[corr:1,Act,PP,Sem,ActSem,PPSem] V[corr:1,Act,PP]","h1a","Semantics_scaled",0.241076,0.080384,2.99906,70,15120,TRUE,0,NA,"",75.59
"English","information_loss","B_random_per_cell",3,"selected","lmer","P[corr:1,Act,PP,Sem,ActSem,PPSem] V[corr:1,Act,PP]","h1b","S_TypeActive:Semantics_scaled",-0.313542,0.075734,-4.14004,70,15120,TRUE,0,NA,"",75.59
"English","information_loss","B_random_per_cell",3,"selected","lmer","P[corr:1,Act,PP,Sem,ActSem,PPSem] V[corr:1,Act,PP]","h2","S_TypePseudo_Passive:Semantics_scaled",-0.421874,0.0812501,-5.19229,70,15120,TRUE,0,NA,"",75.59
"English","information_loss","B_random_per_cell",4,"selected","lmer","P[corr:1,Act,PP,Sem,ActSem,PPSem] V[corr:1,Act,PP]","h1a","Semantics_scaled",0.282465,0.083336,3.38947,70,15120,FALSE,0,NA,"",110.78
"English","information_loss","B_random_per_cell",4,"selected","lmer","P[corr:1,Act,PP,Sem,ActSem,PPSem] V[corr:1,Act,PP]","h1b","S_TypeActive:Semantics_scaled",-0.346323,0.0818813,-4.22957,70,15120,FALSE,0,NA,"",110.78
"English","information_loss","B_random_per_cell",4,"selected","lmer","P[corr:1,Act,PP,Sem,ActSem,PPSem] V[corr:1,Act,PP]","h2","S_TypePseudo_Passive:Semantics_scaled",-0.460469,0.0872192,-5.27944,70,15120,FALSE,0,NA,"",110.78
"English","information_loss","B_random_per_cell",5,"selected","lmer","P[corr:1,Act,PP,Sem,ActSem,PPSem] V[corr:1,Act,PP]","h1a","Semantics_scaled",0.256414,0.0813947,3.15025,70,15120,TRUE,0,NA,"",104.19
"English","information_loss","B_random_per_cell",5,"selected","lmer","P[corr:1,Act,PP,Sem,ActSem,PPSem] V[corr:1,Act,PP]","h1b","S_TypeActive:Semantics_scaled",-0.33653,0.0772755,-4.35494,70,15120,TRUE,0,NA,"",104.19
"English","information_loss","B_random_per_cell",5,"selected","lmer","P[corr:1,Act,PP,Sem,ActSem,PPSem] V[corr:1,Act,PP]","h2","S_TypePseudo_Passive:Semantics_scaled",-0.400941,0.0881411,-4.54886,70,15120,TRUE,0,NA,"",104.19
"Turkish","information_loss","C_first_exposure",0,"selected","lmer","P[zcp:1,Act,PP,Sem,PPSem] V[zcp:1,Act,PP]","h1a","Semantics_scaled",0.187831,0.0642622,2.92288,70,15120,FALSE,0,NA,"",19.25
"Turkish","information_loss","C_first_exposure",0,"selected","lmer","P[zcp:1,Act,PP,Sem,PPSem] V[zcp:1,Act,PP]","h1b","S_TypeActive:Semantics_scaled",-0.155824,0.0376146,-4.14266,70,15120,FALSE,0,NA,"",19.25
"Turkish","information_loss","C_first_exposure",0,"selected","lmer","P[zcp:1,Act,PP,Sem,PPSem] V[zcp:1,Act,PP]","h2","S_TypePseudo_Passive:Semantics_scaled",0.0815809,0.051643,1.57971,70,15120,FALSE,0,NA,"",19.25
"Turkish","information_loss","A_verb_split_lists",1,"selected","lmer","P[zcp:1,Act,PP,Sem,PPSem] V[zcp:1,Act,PP]","h1a","Semantics_scaled",0.143442,0.054874,2.61402,70,15120,FALSE,0,NA,"",26.9
"Turkish","information_loss","A_verb_split_lists",1,"selected","lmer","P[zcp:1,Act,PP,Sem,PPSem] V[zcp:1,Act,PP]","h1b","S_TypeActive:Semantics_scaled",-0.124768,0.0308907,-4.03901,70,15120,FALSE,0,NA,"",26.9
"Turkish","information_loss","A_verb_split_lists",1,"selected","lmer","P[zcp:1,Act,PP,Sem,PPSem] V[zcp:1,Act,PP]","h2","S_TypePseudo_Passive:Semantics_scaled",0.0696886,0.0433862,1.60624,70,15120,FALSE,0,NA,"",26.9
"Turkish","information_loss","A_verb_split_lists",2,"selected","lmer","P[zcp:1,Act,PP,Sem,PPSem] V[zcp:1,Act,PP]","h1a","Semantics_scaled",0.129566,0.0563304,2.30011,70,15120,FALSE,0,NA,"",41.91
"Turkish","information_loss","A_verb_split_lists",2,"selected","lmer","P[zcp:1,Act,PP,Sem,PPSem] V[zcp:1,Act,PP]","h1b","S_TypeActive:Semantics_scaled",-0.103215,0.0318181,-3.24391,70,15120,FALSE,0,NA,"",41.91
"Turkish","information_loss","A_verb_split_lists",2,"selected","lmer","P[zcp:1,Act,PP,Sem,PPSem] V[zcp:1,Act,PP]","h2","S_TypePseudo_Passive:Semantics_scaled",0.0899838,0.042279,2.12833,70,15120,FALSE,0,NA,"",41.91
"Turkish","information_loss","A_verb_split_lists",3,"selected","lmer","P[zcp:1,Act,PP,Sem,PPSem] V[zcp:1,Act,PP]","h1a","Semantics_scaled",0.157601,0.0588098,2.67983,70,15120,FALSE,0,NA,"",28.81
"Turkish","information_loss","A_verb_split_lists",3,"selected","lmer","P[zcp:1,Act,PP,Sem,PPSem] V[zcp:1,Act,PP]","h1b","S_TypeActive:Semantics_scaled",-0.127803,0.0322956,-3.9573,70,15120,FALSE,0,NA,"",28.81
"Turkish","information_loss","A_verb_split_lists",3,"selected","lmer","P[zcp:1,Act,PP,Sem,PPSem] V[zcp:1,Act,PP]","h2","S_TypePseudo_Passive:Semantics_scaled",0.0704204,0.0486702,1.44689,70,15120,FALSE,0,NA,"",28.81
"Turkish","information_loss","A_verb_split_lists",4,"selected","lmer","P[zcp:1,Act,PP,Sem,PPSem] V[zcp:1,Act,PP]","h1a","Semantics_scaled",0.150424,0.0554868,2.71098,70,15120,FALSE,0,NA,"",22.5
"Turkish","information_loss","A_verb_split_lists",4,"selected","lmer","P[zcp:1,Act,PP,Sem,PPSem] V[zcp:1,Act,PP]","h1b","S_TypeActive:Semantics_scaled",-0.128746,0.0336474,-3.82632,70,15120,FALSE,0,NA,"",22.5
"Turkish","information_loss","A_verb_split_lists",4,"selected","lmer","P[zcp:1,Act,PP,Sem,PPSem] V[zcp:1,Act,PP]","h2","S_TypePseudo_Passive:Semantics_scaled",0.0757865,0.0464626,1.63113,70,15120,FALSE,0,NA,"",22.5
"Turkish","information_loss","A_verb_split_lists",5,"selected","lmer","P[zcp:1,Act,PP,Sem,PPSem] V[zcp:1,Act,PP]","h1a","Semantics_scaled",0.123155,0.0566309,2.17469,70,15120,FALSE,0,NA,"",12.87
"Turkish","information_loss","A_verb_split_lists",5,"selected","lmer","P[zcp:1,Act,PP,Sem,PPSem] V[zcp:1,Act,PP]","h1b","S_TypeActive:Semantics_scaled",-0.108603,0.0326852,-3.3227,70,15120,FALSE,0,NA,"",12.87
"Turkish","information_loss","A_verb_split_lists",5,"selected","lmer","P[zcp:1,Act,PP,Sem,PPSem] V[zcp:1,Act,PP]","h2","S_TypePseudo_Passive:Semantics_scaled",0.105135,0.0476204,2.20777,70,15120,FALSE,0,NA,"",12.87
"Turkish","information_loss","A_verb_split_lists",6,"selected","lmer","P[zcp:1,Act,PP,Sem,PPSem] V[zcp:1,Act,PP]","h1a","Semantics_scaled",0.168779,0.0588675,2.8671,70,15120,FALSE,0,NA,"",17.98
"Turkish","information_loss","A_verb_split_lists",6,"selected","lmer","P[zcp:1,Act,PP,Sem,PPSem] V[zcp:1,Act,PP]","h1b","S_TypeActive:Semantics_scaled",-0.146031,0.0361589,-4.0386,70,15120,FALSE,0,NA,"",17.98
"Turkish","information_loss","A_verb_split_lists",6,"selected","lmer","P[zcp:1,Act,PP,Sem,PPSem] V[zcp:1,Act,PP]","h2","S_TypePseudo_Passive:Semantics_scaled",0.0571153,0.0469007,1.21779,70,15120,FALSE,0,NA,"",17.98
"Turkish","information_loss","A_verb_split_lists",7,"selected","lmer","P[zcp:1,Act,PP,Sem,PPSem] V[zcp:1,Act,PP]","h1a","Semantics_scaled",0.135533,0.0561152,2.41527,70,15120,FALSE,0,NA,"",21.63
"Turkish","information_loss","A_verb_split_lists",7,"selected","lmer","P[zcp:1,Act,PP,Sem,PPSem] V[zcp:1,Act,PP]","h1b","S_TypeActive:Semantics_scaled",-0.106721,0.0326245,-3.27121,70,15120,FALSE,0,NA,"",21.63
"Turkish","information_loss","A_verb_split_lists",7,"selected","lmer","P[zcp:1,Act,PP,Sem,PPSem] V[zcp:1,Act,PP]","h2","S_TypePseudo_Passive:Semantics_scaled",0.0872657,0.0456398,1.91205,70,15120,FALSE,0,NA,"",21.63
"Turkish","information_loss","A_verb_split_lists",8,"selected","lmer","P[zcp:1,Act,PP,Sem,PPSem] V[zcp:1,Act,PP]","h1a","Semantics_scaled",0.163557,0.0566313,2.8881,70,15120,FALSE,0,NA,"",13.79
"Turkish","information_loss","A_verb_split_lists",8,"selected","lmer","P[zcp:1,Act,PP,Sem,PPSem] V[zcp:1,Act,PP]","h1b","S_TypeActive:Semantics_scaled",-0.144492,0.0354252,-4.07879,70,15120,FALSE,0,NA,"",13.79
"Turkish","information_loss","A_verb_split_lists",8,"selected","lmer","P[zcp:1,Act,PP,Sem,PPSem] V[zcp:1,Act,PP]","h2","S_TypePseudo_Passive:Semantics_scaled",0.0646963,0.0449045,1.44075,70,15120,FALSE,0,NA,"",13.79
"Turkish","information_loss","A_verb_split_lists",9,"selected","lmer","P[zcp:1,Act,PP,Sem,PPSem] V[zcp:1,Act,PP]","h1a","Semantics_scaled",0.141654,0.055769,2.54001,70,15120,FALSE,0,NA,"",21.56
"Turkish","information_loss","A_verb_split_lists",9,"selected","lmer","P[zcp:1,Act,PP,Sem,PPSem] V[zcp:1,Act,PP]","h1b","S_TypeActive:Semantics_scaled",-0.126336,0.0315529,-4.00395,70,15120,FALSE,0,NA,"",21.56
"Turkish","information_loss","A_verb_split_lists",9,"selected","lmer","P[zcp:1,Act,PP,Sem,PPSem] V[zcp:1,Act,PP]","h2","S_TypePseudo_Passive:Semantics_scaled",0.0677749,0.0456395,1.485,70,15120,FALSE,0,NA,"",21.56
"Turkish","information_loss","A_verb_split_lists",10,"selected","lmer","P[zcp:1,Act,PP,Sem,PPSem] V[zcp:1,Act,PP]","h1a","Semantics_scaled",0.13578,0.0552365,2.45816,70,15120,FALSE,0,NA,"",12.76
"Turkish","information_loss","A_verb_split_lists",10,"selected","lmer","P[zcp:1,Act,PP,Sem,PPSem] V[zcp:1,Act,PP]","h1b","S_TypeActive:Semantics_scaled",-0.105313,0.0344976,-3.05275,70,15120,FALSE,0,NA,"",12.76
"Turkish","information_loss","A_verb_split_lists",10,"selected","lmer","P[zcp:1,Act,PP,Sem,PPSem] V[zcp:1,Act,PP]","h2","S_TypePseudo_Passive:Semantics_scaled",0.113853,0.0480044,2.37171,70,15120,FALSE,0,NA,"",12.76
"Turkish","information_loss","C_first_exposure",0,"maximal","lmer","P[corr:1,Act,PP,Sem,ActSem,PPSem] V[corr:1,Act,PP]","h1a","Semantics_scaled",0.187831,0.0759925,2.47171,70,15120,FALSE,0,NA,"",152.63
"Turkish","information_loss","C_first_exposure",0,"maximal","lmer","P[corr:1,Act,PP,Sem,ActSem,PPSem] V[corr:1,Act,PP]","h1b","S_TypeActive:Semantics_scaled",-0.155824,0.0510139,-3.05455,70,15120,FALSE,0,NA,"",152.63
"Turkish","information_loss","C_first_exposure",0,"maximal","lmer","P[corr:1,Act,PP,Sem,ActSem,PPSem] V[corr:1,Act,PP]","h2","S_TypePseudo_Passive:Semantics_scaled",0.0815809,0.057899,1.40902,70,15120,FALSE,0,NA,"",152.63
"Turkish","information_loss","A_verb_split_lists",1,"maximal","lmer","P[corr:1,Act,PP,Sem,ActSem,PPSem] V[corr:1,Act,PP]","h1a","Semantics_scaled",0.143442,0.0674296,2.12729,70,15120,TRUE,0,NA,"",126.89
"Turkish","information_loss","A_verb_split_lists",1,"maximal","lmer","P[corr:1,Act,PP,Sem,ActSem,PPSem] V[corr:1,Act,PP]","h1b","S_TypeActive:Semantics_scaled",-0.124768,0.0452737,-2.75585,70,15120,TRUE,0,NA,"",126.89
"Turkish","information_loss","A_verb_split_lists",1,"maximal","lmer","P[corr:1,Act,PP,Sem,ActSem,PPSem] V[corr:1,Act,PP]","h2","S_TypePseudo_Passive:Semantics_scaled",0.0696886,0.0509411,1.36802,70,15120,TRUE,0,NA,"",126.89
"Turkish","information_loss","A_verb_split_lists",2,"maximal","lmer","P[corr:1,Act,PP,Sem,ActSem,PPSem] V[corr:1,Act,PP]","h1a","Semantics_scaled",0.129566,0.0681159,1.90214,70,15120,TRUE,0,NA,"",162.83
"Turkish","information_loss","A_verb_split_lists",2,"maximal","lmer","P[corr:1,Act,PP,Sem,ActSem,PPSem] V[corr:1,Act,PP]","h1b","S_TypeActive:Semantics_scaled",-0.103215,0.0454657,-2.27018,70,15120,TRUE,0,NA,"",162.83
"Turkish","information_loss","A_verb_split_lists",2,"maximal","lmer","P[corr:1,Act,PP,Sem,ActSem,PPSem] V[corr:1,Act,PP]","h2","S_TypePseudo_Passive:Semantics_scaled",0.0899838,0.051353,1.75226,70,15120,TRUE,0,NA,"",162.83
"Turkish","information_loss","A_verb_split_lists",3,"maximal","lmer","P[corr:1,Act,PP,Sem,ActSem,PPSem] V[corr:1,Act,PP]","h1a","Semantics_scaled",0.157601,0.0722488,2.18136,70,15120,TRUE,0,NA,"",140
"Turkish","information_loss","A_verb_split_lists",3,"maximal","lmer","P[corr:1,Act,PP,Sem,ActSem,PPSem] V[corr:1,Act,PP]","h1b","S_TypeActive:Semantics_scaled",-0.127803,0.0465144,-2.7476,70,15120,TRUE,0,NA,"",140
"Turkish","information_loss","A_verb_split_lists",3,"maximal","lmer","P[corr:1,Act,PP,Sem,ActSem,PPSem] V[corr:1,Act,PP]","h2","S_TypePseudo_Passive:Semantics_scaled",0.0704204,0.0566984,1.24202,70,15120,TRUE,0,NA,"",140
"Turkish","information_loss","A_verb_split_lists",4,"maximal","lmer","P[corr:1,Act,PP,Sem,ActSem,PPSem] V[corr:1,Act,PP]","h1a","Semantics_scaled",0.150424,0.0674852,2.22899,70,15120,FALSE,0,NA,"",190.5
"Turkish","information_loss","A_verb_split_lists",4,"maximal","lmer","P[corr:1,Act,PP,Sem,ActSem,PPSem] V[corr:1,Act,PP]","h1b","S_TypeActive:Semantics_scaled",-0.128746,0.047079,-2.73468,70,15120,FALSE,0,NA,"",190.5
"Turkish","information_loss","A_verb_split_lists",4,"maximal","lmer","P[corr:1,Act,PP,Sem,ActSem,PPSem] V[corr:1,Act,PP]","h2","S_TypePseudo_Passive:Semantics_scaled",0.0757865,0.0553133,1.37013,70,15120,FALSE,0,NA,"",190.5
"Turkish","information_loss","A_verb_split_lists",5,"maximal","lmer","P[corr:1,Act,PP,Sem,ActSem,PPSem] V[corr:1,Act,PP]","h1a","Semantics_scaled",0.123155,0.0678521,1.81504,70,15120,FALSE,0,NA,"",150.84
"Turkish","information_loss","A_verb_split_lists",5,"maximal","lmer","P[corr:1,Act,PP,Sem,ActSem,PPSem] V[corr:1,Act,PP]","h1b","S_TypeActive:Semantics_scaled",-0.108603,0.0440526,-2.46531,70,15120,FALSE,0,NA,"",150.84
"Turkish","information_loss","A_verb_split_lists",5,"maximal","lmer","P[corr:1,Act,PP,Sem,ActSem,PPSem] V[corr:1,Act,PP]","h2","S_TypePseudo_Passive:Semantics_scaled",0.105135,0.0544784,1.92984,70,15120,FALSE,0,NA,"",150.84
"Turkish","information_loss","A_verb_split_lists",6,"maximal","lmer","P[corr:1,Act,PP,Sem,ActSem,PPSem] V[corr:1,Act,PP]","h1a","Semantics_scaled",0.168779,0.0722217,2.33696,70,15120,FALSE,0,NA,"",104.28
"Turkish","information_loss","A_verb_split_lists",6,"maximal","lmer","P[corr:1,Act,PP,Sem,ActSem,PPSem] V[corr:1,Act,PP]","h1b","S_TypeActive:Semantics_scaled",-0.146031,0.0492973,-2.96225,70,15120,FALSE,0,NA,"",104.28
"Turkish","information_loss","A_verb_split_lists",6,"maximal","lmer","P[corr:1,Act,PP,Sem,ActSem,PPSem] V[corr:1,Act,PP]","h2","S_TypePseudo_Passive:Semantics_scaled",0.0571153,0.0551721,1.03522,70,15120,FALSE,0,NA,"",104.28
"Turkish","information_loss","A_verb_split_lists",7,"maximal","lmer","P[corr:1,Act,PP,Sem,ActSem,PPSem] V[corr:1,Act,PP]","h1a","Semantics_scaled",0.135533,0.0703099,1.92766,70,15120,FALSE,0,NA,"",192.81
"Turkish","information_loss","A_verb_split_lists",7,"maximal","lmer","P[corr:1,Act,PP,Sem,ActSem,PPSem] V[corr:1,Act,PP]","h1b","S_TypeActive:Semantics_scaled",-0.106721,0.0474712,-2.24813,70,15120,FALSE,0,NA,"",192.81
"Turkish","information_loss","A_verb_split_lists",7,"maximal","lmer","P[corr:1,Act,PP,Sem,ActSem,PPSem] V[corr:1,Act,PP]","h2","S_TypePseudo_Passive:Semantics_scaled",0.0872657,0.0551891,1.58121,70,15120,FALSE,0,NA,"",192.81
"Turkish","information_loss","A_verb_split_lists",8,"maximal","lmer","P[corr:1,Act,PP,Sem,ActSem,PPSem] V[corr:1,Act,PP]","h1a","Semantics_scaled",0.163557,0.0693852,2.35723,70,15120,TRUE,0,NA,"",98.75
"Turkish","information_loss","A_verb_split_lists",8,"maximal","lmer","P[corr:1,Act,PP,Sem,ActSem,PPSem] V[corr:1,Act,PP]","h1b","S_TypeActive:Semantics_scaled",-0.144492,0.0489809,-2.94996,70,15120,TRUE,0,NA,"",98.75
"Turkish","information_loss","A_verb_split_lists",8,"maximal","lmer","P[corr:1,Act,PP,Sem,ActSem,PPSem] V[corr:1,Act,PP]","h2","S_TypePseudo_Passive:Semantics_scaled",0.0646963,0.055101,1.17414,70,15120,TRUE,0,NA,"",98.75
"Turkish","information_loss","A_verb_split_lists",9,"maximal","lmer","P[corr:1,Act,PP,Sem,ActSem,PPSem] V[corr:1,Act,PP]","h1a","Semantics_scaled",0.141654,0.0674421,2.10037,70,15120,FALSE,0,NA,"",140.72
"Turkish","information_loss","A_verb_split_lists",9,"maximal","lmer","P[corr:1,Act,PP,Sem,ActSem,PPSem] V[corr:1,Act,PP]","h1b","S_TypeActive:Semantics_scaled",-0.126336,0.0433246,-2.91604,70,15120,FALSE,0,NA,"",140.72
"Turkish","information_loss","A_verb_split_lists",9,"maximal","lmer","P[corr:1,Act,PP,Sem,ActSem,PPSem] V[corr:1,Act,PP]","h2","S_TypePseudo_Passive:Semantics_scaled",0.0677749,0.0492947,1.37489,70,15120,FALSE,0,NA,"",140.72
"Turkish","information_loss","A_verb_split_lists",10,"maximal","lmer","P[corr:1,Act,PP,Sem,ActSem,PPSem] V[corr:1,Act,PP]","h1a","Semantics_scaled",0.13578,0.0675336,2.01056,70,15120,TRUE,0,NA,"",155.52
"Turkish","information_loss","A_verb_split_lists",10,"maximal","lmer","P[corr:1,Act,PP,Sem,ActSem,PPSem] V[corr:1,Act,PP]","h1b","S_TypeActive:Semantics_scaled",-0.105313,0.0473895,-2.22228,70,15120,TRUE,0,NA,"",155.52
"Turkish","information_loss","A_verb_split_lists",10,"maximal","lmer","P[corr:1,Act,PP,Sem,ActSem,PPSem] V[corr:1,Act,PP]","h2","S_TypePseudo_Passive:Semantics_scaled",0.113853,0.0554389,2.05366,70,15120,TRUE,0,NA,"",155.52
"Turkish","information_loss","B_random_per_cell",1,"selected","lmer","P[zcp:1,Act,PP,Sem,PPSem] V[zcp:1,Act,PP]","h1a","Semantics_scaled",0.124262,0.0562794,2.20795,70,15120,FALSE,0,NA,"",30.83
"Turkish","information_loss","B_random_per_cell",1,"selected","lmer","P[zcp:1,Act,PP,Sem,PPSem] V[zcp:1,Act,PP]","h1b","S_TypeActive:Semantics_scaled",-0.105598,0.0349435,-3.02196,70,15120,FALSE,0,NA,"",30.83
"Turkish","information_loss","B_random_per_cell",1,"selected","lmer","P[zcp:1,Act,PP,Sem,PPSem] V[zcp:1,Act,PP]","h2","S_TypePseudo_Passive:Semantics_scaled",0.116129,0.0505394,2.29779,70,15120,FALSE,0,NA,"",30.83
"Turkish","information_loss","B_random_per_cell",2,"selected","lmer","P[zcp:1,Act,PP,Sem,PPSem] V[zcp:1,Act,PP]","h1a","Semantics_scaled",0.160713,0.056259,2.85666,70,15120,FALSE,0,NA,"",29.86
"Turkish","information_loss","B_random_per_cell",2,"selected","lmer","P[zcp:1,Act,PP,Sem,PPSem] V[zcp:1,Act,PP]","h1b","S_TypeActive:Semantics_scaled",-0.133003,0.0331,-4.01823,70,15120,FALSE,0,NA,"",29.86
"Turkish","information_loss","B_random_per_cell",2,"selected","lmer","P[zcp:1,Act,PP,Sem,PPSem] V[zcp:1,Act,PP]","h2","S_TypePseudo_Passive:Semantics_scaled",0.0895686,0.0436014,2.05426,70,15120,FALSE,0,NA,"",29.86
"Turkish","information_loss","B_random_per_cell",3,"selected","lmer","P[zcp:1,Act,PP,Sem,PPSem] V[zcp:1,Act,PP]","h1a","Semantics_scaled",0.143698,0.0565855,2.53948,70,15120,FALSE,0,NA,"",24.21
"Turkish","information_loss","B_random_per_cell",3,"selected","lmer","P[zcp:1,Act,PP,Sem,PPSem] V[zcp:1,Act,PP]","h1b","S_TypeActive:Semantics_scaled",-0.118784,0.0345924,-3.43382,70,15120,FALSE,0,NA,"",24.21
"Turkish","information_loss","B_random_per_cell",3,"selected","lmer","P[zcp:1,Act,PP,Sem,PPSem] V[zcp:1,Act,PP]","h2","S_TypePseudo_Passive:Semantics_scaled",0.0882485,0.0492648,1.79131,70,15120,FALSE,0,NA,"",24.21
"Turkish","information_loss","B_random_per_cell",4,"selected","lmer","P[zcp:1,Act,PP,Sem,PPSem] V[zcp:1,Act,PP]","h1a","Semantics_scaled",0.122175,0.0577782,2.11455,70,15120,FALSE,0,NA,"",25.28
"Turkish","information_loss","B_random_per_cell",4,"selected","lmer","P[zcp:1,Act,PP,Sem,PPSem] V[zcp:1,Act,PP]","h1b","S_TypeActive:Semantics_scaled",-0.100987,0.0345927,-2.9193,70,15120,FALSE,0,NA,"",25.28
"Turkish","information_loss","B_random_per_cell",4,"selected","lmer","P[zcp:1,Act,PP,Sem,PPSem] V[zcp:1,Act,PP]","h2","S_TypePseudo_Passive:Semantics_scaled",0.0907511,0.0465369,1.95009,70,15120,FALSE,0,NA,"",25.28
"Turkish","information_loss","B_random_per_cell",5,"selected","lmer","P[zcp:1,Act,PP,Sem,PPSem] V[zcp:1,Act,PP]","h1a","Semantics_scaled",0.166474,0.0576198,2.88918,70,15120,FALSE,0,NA,"",24.03
"Turkish","information_loss","B_random_per_cell",5,"selected","lmer","P[zcp:1,Act,PP,Sem,PPSem] V[zcp:1,Act,PP]","h1b","S_TypeActive:Semantics_scaled",-0.150329,0.0334105,-4.49946,70,15120,FALSE,0,NA,"",24.03
"Turkish","information_loss","B_random_per_cell",5,"selected","lmer","P[zcp:1,Act,PP,Sem,PPSem] V[zcp:1,Act,PP]","h2","S_TypePseudo_Passive:Semantics_scaled",0.0833659,0.0524012,1.59092,70,15120,FALSE,0,NA,"",24.03
"Norwegian","information_loss","full",0,"selected","lmer","P[zcp:1,Act,Sem] V[corr:1,Act]","h1a","Semantics_scaled",0.172357,0.100745,1.71083,57,15048,FALSE,0,NA,"",5.9
"Norwegian","information_loss","full",0,"selected","lmer","P[zcp:1,Act,Sem] V[corr:1,Act]","h1b","S_TypeActive:Semantics_scaled",-0.276052,0.0588418,-4.69143,57,15048,FALSE,0,NA,"",5.9
"Norwegian","information_loss","full",0,"maximal","lmer","P[corr:1,Act,Sem,ActSem] V[corr:1,Act]","h1a","Semantics_scaled",0.172357,0.104076,1.65607,57,15048,FALSE,0,NA,"",12.06
"Norwegian","information_loss","full",0,"maximal","lmer","P[corr:1,Act,Sem,ActSem] V[corr:1,Act]","h1b","S_TypeActive:Semantics_scaled",-0.276052,0.0660232,-4.18114,57,15048,FALSE,0,NA,"",12.06
"Norwegian","information_loss","boot80_A_verb_split_lists",1,"selected","lmer","P[zcp:1,Act,Sem] V[corr:1,Act]","h1a","Semantics_scaled",0.21422,0.120029,1.78473,80,10560,FALSE,0,NA,"",3.56
"Norwegian","information_loss","boot80_A_verb_split_lists",1,"selected","lmer","P[zcp:1,Act,Sem] V[corr:1,Act]","h1b","S_TypeActive:Semantics_scaled",-0.32949,0.0834479,-3.94845,80,10560,FALSE,0,NA,"",3.56
"Norwegian","information_loss","boot80_A_verb_split_lists",2,"selected","lmer","P[zcp:1,Act,Sem] V[corr:1,Act]","h1a","Semantics_scaled",0.22156,0.0941366,2.3536,80,10560,FALSE,0,NA,"",5.75
"Norwegian","information_loss","boot80_A_verb_split_lists",2,"selected","lmer","P[zcp:1,Act,Sem] V[corr:1,Act]","h1b","S_TypeActive:Semantics_scaled",-0.23361,0.0625476,-3.73491,80,10560,FALSE,0,NA,"",5.75
"Norwegian","information_loss","boot80_A_verb_split_lists",3,"selected","lmer","P[zcp:1,Act,Sem] V[corr:1,Act]","h1a","Semantics_scaled",0.131926,0.0945602,1.39516,80,10560,FALSE,0,NA,"",3.83
"Norwegian","information_loss","boot80_A_verb_split_lists",3,"selected","lmer","P[zcp:1,Act,Sem] V[corr:1,Act]","h1b","S_TypeActive:Semantics_scaled",-0.299179,0.064519,-4.63707,80,10560,FALSE,0,NA,"",3.83
"Norwegian","information_loss","C_first_exposure",0,"selected","lmer","P[zcp:1,Act,Sem] V[corr:1,Act]","h1a","Semantics_scaled",0.188381,0.10451,1.80252,57,7524,FALSE,0,NA,"",3.37
"Norwegian","information_loss","C_first_exposure",0,"selected","lmer","P[zcp:1,Act,Sem] V[corr:1,Act]","h1b","S_TypeActive:Semantics_scaled",-0.29181,0.0663719,-4.39658,57,7524,FALSE,0,NA,"",3.37
"Norwegian","information_loss","A_verb_split_lists",1,"selected","lmer","P[zcp:1,Act,Sem] V[corr:1,Act]","h1a","Semantics_scaled",0.147757,0.0977983,1.51083,57,7524,FALSE,0,NA,"",4.7
"Norwegian","information_loss","A_verb_split_lists",1,"selected","lmer","P[zcp:1,Act,Sem] V[corr:1,Act]","h1b","S_TypeActive:Semantics_scaled",-0.241761,0.0622469,-3.88391,57,7524,FALSE,0,NA,"",4.7
"Norwegian","information_loss","A_verb_split_lists",2,"selected","lmer","P[zcp:1,Act,Sem] V[corr:1,Act]","h1a","Semantics_scaled",0.165666,0.0991719,1.6705,57,7524,FALSE,0,NA,"",3.96
"Norwegian","information_loss","A_verb_split_lists",2,"selected","lmer","P[zcp:1,Act,Sem] V[corr:1,Act]","h1b","S_TypeActive:Semantics_scaled",-0.286052,0.0580202,-4.93022,57,7524,FALSE,0,NA,"",3.96
"Norwegian","information_loss","A_verb_split_lists",3,"selected","lmer","P[zcp:1,Act,Sem] V[corr:1,Act]","h1a","Semantics_scaled",0.186437,0.101907,1.82948,57,7524,FALSE,0,NA,"",3.38
"Norwegian","information_loss","A_verb_split_lists",3,"selected","lmer","P[zcp:1,Act,Sem] V[corr:1,Act]","h1b","S_TypeActive:Semantics_scaled",-0.287009,0.0650805,-4.41005,57,7524,FALSE,0,NA,"",3.38
"Norwegian","information_loss","A_verb_split_lists",4,"selected","lmer","P[zcp:1,Act,Sem] V[corr:1,Act]","h1a","Semantics_scaled",0.170561,0.0987504,1.72719,57,7524,FALSE,0,NA,"",4.25
"Norwegian","information_loss","A_verb_split_lists",4,"selected","lmer","P[zcp:1,Act,Sem] V[corr:1,Act]","h1b","S_TypeActive:Semantics_scaled",-0.255703,0.0613691,-4.16664,57,7524,FALSE,0,NA,"",4.25
"Norwegian","information_loss","A_verb_split_lists",5,"selected","lmer","P[zcp:1,Act,Sem] V[corr:1,Act]","h1a","Semantics_scaled",0.203519,0.102801,1.97972,57,7524,FALSE,0,NA,"",3.49
"Norwegian","information_loss","A_verb_split_lists",5,"selected","lmer","P[zcp:1,Act,Sem] V[corr:1,Act]","h1b","S_TypeActive:Semantics_scaled",-0.302802,0.0649716,-4.66052,57,7524,FALSE,0,NA,"",3.49
"Norwegian","information_loss","A_verb_split_lists",6,"selected","lmer","P[zcp:1,Act,Sem] V[corr:1,Act]","h1a","Semantics_scaled",0.159488,0.102368,1.55798,57,7524,FALSE,0,NA,"",4.6
"Norwegian","information_loss","A_verb_split_lists",6,"selected","lmer","P[zcp:1,Act,Sem] V[corr:1,Act]","h1b","S_TypeActive:Semantics_scaled",-0.260716,0.0633494,-4.11553,57,7524,FALSE,0,NA,"",4.6
"Norwegian","information_loss","A_verb_split_lists",7,"selected","lmer","P[zcp:1,Act,Sem] V[corr:1,Act]","h1a","Semantics_scaled",0.192528,0.0979579,1.96542,57,7524,FALSE,0,NA,"",3.53
"Norwegian","information_loss","A_verb_split_lists",7,"selected","lmer","P[zcp:1,Act,Sem] V[corr:1,Act]","h1b","S_TypeActive:Semantics_scaled",-0.310968,0.0662725,-4.69226,57,7524,FALSE,0,NA,"",3.53
"Norwegian","information_loss","A_verb_split_lists",8,"selected","lmer","P[zcp:1,Act,Sem] V[corr:1,Act]","h1a","Semantics_scaled",0.159423,0.101856,1.56518,57,7524,FALSE,0,NA,"",3.86
"Norwegian","information_loss","A_verb_split_lists",8,"selected","lmer","P[zcp:1,Act,Sem] V[corr:1,Act]","h1b","S_TypeActive:Semantics_scaled",-0.252332,0.0620595,-4.06597,57,7524,FALSE,0,NA,"",3.86
"Norwegian","information_loss","A_verb_split_lists",9,"selected","lmer","P[zcp:1,Act,Sem] V[corr:1,Act]","h1a","Semantics_scaled",0.176812,0.110657,1.59784,57,7524,FALSE,0,NA,"",4.36
"Norwegian","information_loss","A_verb_split_lists",9,"selected","lmer","P[zcp:1,Act,Sem] V[corr:1,Act]","h1b","S_TypeActive:Semantics_scaled",-0.290229,0.0648569,-4.47491,57,7524,FALSE,0,NA,"",4.36
"Norwegian","information_loss","A_verb_split_lists",10,"selected","lmer","P[zcp:1,Act,Sem] V[corr:1,Act]","h1a","Semantics_scaled",0.140284,0.0997875,1.40583,57,7524,FALSE,0,NA,"",3.9
"Norwegian","information_loss","A_verb_split_lists",10,"selected","lmer","P[zcp:1,Act,Sem] V[corr:1,Act]","h1b","S_TypeActive:Semantics_scaled",-0.252669,0.0609378,-4.14634,57,7524,FALSE,0,NA,"",3.9
"Norwegian","information_loss","C_first_exposure",0,"maximal","lmer","P[corr:1,Act,Sem,ActSem] V[corr:1,Act]","h1a","Semantics_scaled",0.188381,0.107904,1.74583,57,7524,FALSE,0,NA,"",8.08
"Norwegian","information_loss","C_first_exposure",0,"maximal","lmer","P[corr:1,Act,Sem,ActSem] V[corr:1,Act]","h1b","S_TypeActive:Semantics_scaled",-0.29181,0.0743764,-3.92342,57,7524,FALSE,0,NA,"",8.08
"Norwegian","information_loss","A_verb_split_lists",1,"maximal","lmer","P[corr:1,Act,Sem,ActSem] V[corr:1,Act]","h1a","Semantics_scaled",0.147757,0.101048,1.46224,57,7524,TRUE,0,NA,"",8.85
"Norwegian","information_loss","A_verb_split_lists",1,"maximal","lmer","P[corr:1,Act,Sem,ActSem] V[corr:1,Act]","h1b","S_TypeActive:Semantics_scaled",-0.241761,0.0663295,-3.64485,57,7524,TRUE,0,NA,"",8.85
"Norwegian","information_loss","A_verb_split_lists",2,"maximal","lmer","P[corr:1,Act,Sem,ActSem] V[corr:1,Act]","h1a","Semantics_scaled",0.165666,0.102965,1.60895,57,7524,TRUE,0,NA,"",8.08
"Norwegian","information_loss","A_verb_split_lists",2,"maximal","lmer","P[corr:1,Act,Sem,ActSem] V[corr:1,Act]","h1b","S_TypeActive:Semantics_scaled",-0.286052,0.0652071,-4.38682,57,7524,TRUE,0,NA,"",8.08
"Norwegian","information_loss","A_verb_split_lists",3,"maximal","lmer","P[corr:1,Act,Sem,ActSem] V[corr:1,Act]","h1a","Semantics_scaled",0.186437,0.105678,1.7642,57,7524,TRUE,0,NA,"",10.3
"Norwegian","information_loss","A_verb_split_lists",3,"maximal","lmer","P[corr:1,Act,Sem,ActSem] V[corr:1,Act]","h1b","S_TypeActive:Semantics_scaled",-0.287009,0.0704781,-4.07231,57,7524,TRUE,0,NA,"",10.3
"Norwegian","information_loss","A_verb_split_lists",4,"maximal","lmer","P[corr:1,Act,Sem,ActSem] V[corr:1,Act]","h1a","Semantics_scaled",0.170561,0.102798,1.65918,57,7524,TRUE,0,NA,"",10.2
"Norwegian","information_loss","A_verb_split_lists",4,"maximal","lmer","P[corr:1,Act,Sem,ActSem] V[corr:1,Act]","h1b","S_TypeActive:Semantics_scaled",-0.255703,0.0687915,-3.71708,57,7524,TRUE,0,NA,"",10.2
"Norwegian","information_loss","A_verb_split_lists",5,"maximal","lmer","P[corr:1,Act,Sem,ActSem] V[corr:1,Act]","h1a","Semantics_scaled",0.203519,0.106011,1.91979,57,7524,FALSE,0,NA,"",14.03
"Norwegian","information_loss","A_verb_split_lists",5,"maximal","lmer","P[corr:1,Act,Sem,ActSem] V[corr:1,Act]","h1b","S_TypeActive:Semantics_scaled",-0.302802,0.0718111,-4.21664,57,7524,FALSE,0,NA,"",14.03
"Norwegian","information_loss","A_verb_split_lists",6,"maximal","lmer","P[corr:1,Act,Sem,ActSem] V[corr:1,Act]","h1a","Semantics_scaled",0.159488,0.105697,1.50891,57,7524,TRUE,0,NA,"",11.11
"Norwegian","information_loss","A_verb_split_lists",6,"maximal","lmer","P[corr:1,Act,Sem,ActSem] V[corr:1,Act]","h1b","S_TypeActive:Semantics_scaled",-0.260716,0.0708122,-3.6818,57,7524,TRUE,0,NA,"",11.11
"Norwegian","information_loss","A_verb_split_lists",7,"maximal","lmer","P[corr:1,Act,Sem,ActSem] V[corr:1,Act]","h1a","Semantics_scaled",0.192528,0.10258,1.87686,57,7524,TRUE,0,NA,"",12.77
"Norwegian","information_loss","A_verb_split_lists",7,"maximal","lmer","P[corr:1,Act,Sem,ActSem] V[corr:1,Act]","h1b","S_TypeActive:Semantics_scaled",-0.310968,0.072562,-4.28555,57,7524,TRUE,0,NA,"",12.77
"Norwegian","information_loss","A_verb_split_lists",8,"maximal","lmer","P[corr:1,Act,Sem,ActSem] V[corr:1,Act]","h1a","Semantics_scaled",0.159423,0.106517,1.49669,57,7524,TRUE,0,NA,"",12.28
"Norwegian","information_loss","A_verb_split_lists",8,"maximal","lmer","P[corr:1,Act,Sem,ActSem] V[corr:1,Act]","h1b","S_TypeActive:Semantics_scaled",-0.252332,0.0699556,-3.60704,57,7524,TRUE,0,NA,"",12.28
"Norwegian","information_loss","A_verb_split_lists",9,"maximal","lmer","P[corr:1,Act,Sem,ActSem] V[corr:1,Act]","h1a","Semantics_scaled",0.176812,0.113858,1.55291,57,7524,TRUE,0,NA,"",11.26
"Norwegian","information_loss","A_verb_split_lists",9,"maximal","lmer","P[corr:1,Act,Sem,ActSem] V[corr:1,Act]","h1b","S_TypeActive:Semantics_scaled",-0.290229,0.0713495,-4.0677,57,7524,TRUE,0,NA,"",11.26
"Norwegian","information_loss","A_verb_split_lists",10,"maximal","lmer","P[corr:1,Act,Sem,ActSem] V[corr:1,Act]","h1a","Semantics_scaled",0.140284,0.102916,1.36309,57,7524,TRUE,0,NA,"",10.21
"Norwegian","information_loss","A_verb_split_lists",10,"maximal","lmer","P[corr:1,Act,Sem,ActSem] V[corr:1,Act]","h1b","S_TypeActive:Semantics_scaled",-0.252669,0.0684504,-3.69127,57,7524,TRUE,0,NA,"",10.21
"Norwegian","information_loss","B_random_per_cell",1,"selected","lmer","P[zcp:1,Act,Sem] V[corr:1,Act]","h1a","Semantics_scaled",0.221776,0.101734,2.17995,57,7524,FALSE,0,NA,"",5.9
"Norwegian","information_loss","B_random_per_cell",1,"selected","lmer","P[zcp:1,Act,Sem] V[corr:1,Act]","h1b","S_TypeActive:Semantics_scaled",-0.356961,0.0721404,-4.94814,57,7524,FALSE,0,NA,"",5.9
"Norwegian","information_loss","B_random_per_cell",2,"selected","lmer","P[zcp:1,Act,Sem] V[corr:1,Act]","h1a","Semantics_scaled",0.179588,0.10263,1.74985,57,7524,FALSE,0,NA,"",5.19
"Norwegian","information_loss","B_random_per_cell",2,"selected","lmer","P[zcp:1,Act,Sem] V[corr:1,Act]","h1b","S_TypeActive:Semantics_scaled",-0.289148,0.0681816,-4.24085,57,7524,FALSE,0,NA,"",5.19
"Norwegian","information_loss","B_random_per_cell",3,"selected","lmer","P[zcp:1,Act,Sem] V[corr:1,Act]","h1a","Semantics_scaled",0.185089,0.100774,1.83668,57,7524,FALSE,0,NA,"",3.81
"Norwegian","information_loss","B_random_per_cell",3,"selected","lmer","P[zcp:1,Act,Sem] V[corr:1,Act]","h1b","S_TypeActive:Semantics_scaled",-0.302656,0.0616824,-4.90669,57,7524,FALSE,0,NA,"",3.81
"Norwegian","information_loss","B_random_per_cell",4,"selected","lmer","P[zcp:1,Act,Sem] V[corr:1,Act]","h1a","Semantics_scaled",0.150284,0.103356,1.45403,57,7524,FALSE,0,NA,"",4.29
"Norwegian","information_loss","B_random_per_cell",4,"selected","lmer","P[zcp:1,Act,Sem] V[corr:1,Act]","h1b","S_TypeActive:Semantics_scaled",-0.269699,0.0594628,-4.53558,57,7524,FALSE,0,NA,"",4.29
"Norwegian","information_loss","B_random_per_cell",5,"selected","lmer","P[zcp:1,Act,Sem] V[corr:1,Act]","h1a","Semantics_scaled",0.192537,0.102054,1.88661,57,7524,FALSE,0,NA,"",3.81
"Norwegian","information_loss","B_random_per_cell",5,"selected","lmer","P[zcp:1,Act,Sem] V[corr:1,Act]","h1b","S_TypeActive:Semantics_scaled",-0.277581,0.0638268,-4.34897,57,7524,FALSE,0,NA,"",3.81
