"language","Verb","S_Type","n","mean_man","mean_woman","woman_minus_man","se","t","p","p_bh","rank_abs_diff"
"English","wash","Active",70,6.38571,6.62857,0.242857,0.119411,2.03378,0.0458205,0.788941,1
"English","entertain","Active",70,6.84286,6.61429,-0.228571,0.0867433,-2.63503,0.0103802,0.629596,2
"English","frighten","Active",70,6.9,6.71429,-0.185714,0.108238,-1.7158,0.0906868,0.788941,3
"English","anger","Active",70,6.35714,6.52857,0.171429,0.122045,1.40463,0.164616,0.788941,4
"English","pat","Active",70,6.3,6.47143,0.171429,0.0704068,2.43483,0.0174888,0.629596,5
"English","forget","Active",70,6.57143,6.41429,-0.157143,0.11263,-1.39521,0.167428,0.788941,6
"English","hold","Active",70,6.7,6.54286,-0.157143,0.0924381,-1.69998,0.0936389,0.788941,7
"English","miss","Active",70,6.82857,6.67143,-0.157143,0.118016,-1.33154,0.187395,0.788941,8
"English","remember","Active",70,6.81429,6.65714,-0.157143,0.0854551,-1.83889,0.070234,0.788941,9
"English","smell","Active",70,5.95714,5.8,-0.157143,0.138964,-1.13082,0.262046,0.891933,10
"English","startle","Active",70,6.62857,6.78571,0.157143,0.118016,1.33154,0.187395,0.788941,11
"English","disgust","Active",70,6.52857,6.38571,-0.142857,0.129157,-1.10608,0.272535,0.891933,12
"English","follow","Active",70,6.92857,6.8,-0.128571,0.0861445,-1.49251,0.140124,0.788941,13
"English","sadden","Active",70,5.74286,5.61429,-0.128571,0.149425,-0.860443,0.392525,0.901511,14
"English","scare","Active",70,6.75714,6.88571,0.128571,0.0811956,1.58348,0.117886,0.788941,15
"English","call","Active",70,6.77143,6.65714,-0.114286,0.0899571,-1.27045,0.208193,0.788941,16
"English","cheerup","Active",70,6.52857,6.41429,-0.114286,0.121316,-0.942051,0.349453,0.901511,17
"English","cut","Active",70,6.58571,6.7,0.114286,0.0594762,1.92154,0.0587951,0.788941,18
"English","hear","Active",70,6.67143,6.78571,0.114286,0.0852298,1.34091,0.184347,0.788941,19
"English","spot","Active",70,6.71429,6.6,-0.114286,0.0944481,-1.21004,0.230394,0.829417,20
"English","teach","Active",70,6.82857,6.71429,-0.114286,0.0876253,-1.30425,0.196481,0.788941,21
"English","chase","Active",70,6.92857,6.82857,-0.1,0.0580925,-1.72139,0.0896607,0.788941,22
"English","listento","Active",70,6.75714,6.85714,0.1,0.0765455,1.30641,0.19575,0.788941,23
"English","terrify","Active",70,6.64286,6.54286,-0.1,0.141202,-0.708207,0.481202,0.901511,24
"English","avoid","Active",70,6.71429,6.8,0.0857143,0.0880966,0.972958,0.333973,0.901511,25
"English","calm","Active",70,6.58571,6.5,-0.0857143,0.118204,-0.725138,0.470819,0.901511,26
"English","shock","Active",70,6.58571,6.67143,0.0857143,0.126659,0.676731,0.500839,0.901511,27
"English","drop","Active",70,6.75714,6.68571,-0.0714286,0.0982696,-0.726864,0.469768,0.901511,28
"English","fear","Active",70,6.5,6.42857,-0.0714286,0.14435,-0.494828,0.622294,0.911034,29
"English","hit","Active",70,6.7,6.77143,0.0714286,0.0684687,1.04323,0.300483,0.901511,30
"English","hug","Active",70,6.9,6.82857,-0.0714286,0.0550604,-1.29728,0.198857,0.788941,31
"English","push","Active",70,6.8,6.72857,-0.0714286,0.0939614,-0.76019,0.449731,0.901511,32
"English","squash","Active",70,6.58571,6.65714,0.0714286,0.0822092,0.868863,0.387934,0.901511,33
"English","upset","Active",70,6.74286,6.67143,-0.0714286,0.0846902,-0.84341,0.401914,0.901511,34
"English","admire","Active",70,6.74286,6.8,0.0571429,0.0884317,0.64618,0.520306,0.911034,35
"English","amuse","Active",70,6.75714,6.7,-0.0571429,0.0785102,-0.72784,0.469174,0.901511,36
"English","annoy","Active",70,6.7,6.75714,0.0571429,0.0836183,0.683378,0.496657,0.901511,37
"English","believe","Active",70,6.74286,6.68571,-0.0571429,0.116693,-0.489685,0.62591,0.911034,38
"English","bother","Active",70,6.54286,6.6,0.0571429,0.1219,0.46877,0.640712,0.911034,39
"English","dress","Active",70,6.51429,6.57143,0.0571429,0.116693,0.489685,0.62591,0.911034,40
"English","kick","Active",70,6.75714,6.81429,0.0571429,0.0973472,0.587,0.559119,0.911034,41
"English","love","Active",70,6.9,6.84286,-0.0571429,0.0671382,-0.851122,0.397645,0.901511,42
"English","carry","Active",70,6.75714,6.71429,-0.0428571,0.0963854,-0.444643,0.657969,0.911034,43
"English","impress","Active",70,6.81429,6.85714,0.0428571,0.0873718,0.490514,0.625326,0.911034,44
"English","know","Active",70,6.78571,6.74286,-0.0428571,0.0963854,-0.444643,0.657969,0.911034,45
"English","lead","Active",70,6.78571,6.74286,-0.0428571,0.059102,-0.725138,0.470819,0.901511,46
"English","notice","Active",70,6.77143,6.81429,0.0428571,0.059102,0.725138,0.470819,0.901511,47
"English","please","Active",70,6.47143,6.51429,0.0428571,0.0873718,0.490514,0.625326,0.911034,48
"English","recognize","Active",70,6.91429,6.87143,-0.0428571,0.0428571,-1,0.320805,0.901511,49
"English","see","Active",70,6.78571,6.82857,0.0428571,0.062507,0.685637,0.495239,0.901511,50
"English","bite","Active",70,6.6,6.57143,-0.0285714,0.109528,-0.260859,0.794978,0.939974,51
"English","disturb","Active",70,6.7,6.72857,0.0285714,0.109528,0.260859,0.794978,0.939974,52
"English","kiss","Active",70,6.85714,6.88571,0.0285714,0.0704068,0.405805,0.686141,0.914855,53
"English","like","Active",70,6.84286,6.81429,-0.0285714,0.0704068,-0.405805,0.686141,0.914855,54
"English","lookat","Active",70,6.77143,6.74286,-0.0285714,0.064257,-0.444643,0.657969,0.911034,55
"English","overhear","Active",70,6.75714,6.78571,0.0285714,0.0574526,0.497305,0.620555,0.911034,56
"English","pull","Active",70,6.51429,6.54286,0.0285714,0.111403,0.25647,0.798351,0.939974,57
"English","amaze","Active",70,6.55714,6.57143,0.0142857,0.0986301,0.144841,0.885258,0.939974,58
"English","dislike","Active",70,6.8,6.81429,0.0142857,0.0875071,0.163252,0.870797,0.939974,59
"English","eat","Active",70,5.95714,5.97143,0.0142857,0.114195,0.125099,0.900809,0.939974,60
"English","hate","Active",70,6.81429,6.8,-0.0142857,0.089842,-0.159009,0.874126,0.939974,61
"English","help","Active",70,6.87143,6.85714,-0.0142857,0.0431323,-0.331207,0.741492,0.939974,62
"English","ignore","Active",70,6.82857,6.81429,-0.0142857,0.0800953,-0.178359,0.858964,0.939974,63
"English","shake","Active",70,6.74286,6.72857,-0.0142857,0.106697,-0.133891,0.893879,0.939974,64
"English","surprise","Active",70,6.75714,6.77143,0.0142857,0.0689851,0.207084,0.836554,0.939974,65
"English","tease","Active",70,6.71429,6.7,-0.0142857,0.0943384,-0.151431,0.880078,0.939974,66
"English","trust","Active",70,6.82857,6.81429,-0.0142857,0.0774673,-0.18441,0.854233,0.939974,67
"English","understand","Active",70,6.68571,6.7,0.0142857,0.104738,0.136394,0.891907,0.939974,68
"English","watch","Active",70,6.81429,6.82857,0.0142857,0.0943384,0.151431,0.880078,0.939974,69
"English","distract","Active",70,6.82857,6.82857,0,0.0733691,0,1,1,70
"English","irritate","Active",70,6.77143,6.77143,0,0.10376,0,1,1,71
"English","worry","Active",70,6.14286,6.14286,0,0.125439,0,1,1,72
"English","fear","Active_minus_Passive",70,NA,NA,-0.457143,0.190549,-2.39909,0.0191421,0.45941,1
"English","miss","Active_minus_Passive",70,NA,NA,-0.414286,0.198851,-2.0834,0.0409213,0.503625,2
"English","recognize","Active_minus_Passive",70,NA,NA,-0.385714,0.171816,-2.24492,0.0279814,0.503625,3
"English","remember","Active_minus_Passive",70,NA,NA,-0.385714,0.19549,-1.97306,0.052496,0.539959,4
"English","squash","Active_minus_Passive",70,NA,NA,0.385714,0.130761,2.94976,0.00433936,0.312434,5
"English","know","Active_minus_Passive",70,NA,NA,-0.371429,0.14698,-2.52707,0.0137976,0.45941,6
"English","amaze","Active_minus_Passive",70,NA,NA,-0.314286,0.151655,-2.07238,0.0419687,0.503625,7
"English","frighten","Active_minus_Passive",70,NA,NA,-0.271429,0.172572,-1.57284,0.12033,0.787615,8
"English","smell","Active_minus_Passive",70,NA,NA,-0.271429,0.201363,-1.34795,0.182082,0.894856,9
"English","lookat","Active_minus_Passive",70,NA,NA,-0.257143,0.155886,-1.64956,0.10358,0.745773,10
"English","cut","Active_minus_Passive",70,NA,NA,0.242857,0.143074,1.69742,0.094124,0.745773,11
"English","forget","Active_minus_Passive",70,NA,NA,-0.242857,0.16586,-1.46423,0.147673,0.817882,12
"English","help","Active_minus_Passive",70,NA,NA,0.242857,0.135646,1.79037,0.0777809,0.700028,13
"English","avoid","Active_minus_Passive",70,NA,NA,0.214286,0.207412,1.03314,0.305146,0.948631,14
"English","push","Active_minus_Passive",70,NA,NA,-0.214286,0.165181,-1.29728,0.198857,0.894856,15
"English","listento","Active_minus_Passive",70,NA,NA,0.2,0.169764,1.1781,0.242802,0.948631,16
"English","notice","Active_minus_Passive",70,NA,NA,-0.2,0.134365,-1.48849,0.141179,0.817882,17
"English","kick","Active_minus_Passive",70,NA,NA,0.185714,0.165682,1.12091,0.266213,0.948631,18
"English","pull","Active_minus_Passive",70,NA,NA,0.185714,0.139939,1.32711,0.188848,0.894856,19
"English","believe","Active_minus_Passive",70,NA,NA,-0.157143,0.212094,-0.740912,0.461261,0.948631,20
"English","startle","Active_minus_Passive",70,NA,NA,0.157143,0.164859,0.953198,0.343817,0.948631,21
"English","bite","Active_minus_Passive",70,NA,NA,-0.142857,0.144299,-0.990007,0.32563,0.948631,22
"English","cheerup","Active_minus_Passive",70,NA,NA,-0.142857,0.181192,-0.78843,0.433146,0.948631,23
"English","dislike","Active_minus_Passive",70,NA,NA,-0.142857,0.168154,-0.849563,0.398506,0.948631,24
"English","teach","Active_minus_Passive",70,NA,NA,-0.142857,0.160596,-0.889542,0.376803,0.948631,25
"English","anger","Active_minus_Passive",70,NA,NA,0.114286,0.203024,0.562918,0.575315,0.948631,26
"English","call","Active_minus_Passive",70,NA,NA,-0.114286,0.176863,-0.64618,0.520306,0.948631,27
"English","calm","Active_minus_Passive",70,NA,NA,-0.114286,0.140309,-0.814531,0.418143,0.948631,28
"English","entertain","Active_minus_Passive",70,NA,NA,-0.114286,0.0966153,-1.18289,0.240911,0.948631,29
"English","hear","Active_minus_Passive",70,NA,NA,0.114286,0.110603,1.03329,0.305074,0.948631,30
"English","shock","Active_minus_Passive",70,NA,NA,0.114286,0.155696,0.73403,0.465418,0.948631,31
"English","trust","Active_minus_Passive",70,NA,NA,-0.114286,0.146092,-0.782287,0.436722,0.948631,32
"English","worry","Active_minus_Passive",70,NA,NA,0.114286,0.230709,0.495366,0.621915,0.948631,33
"English","disgust","Active_minus_Passive",70,NA,NA,-0.1,0.156502,-0.638971,0.524957,0.948631,34
"English","like","Active_minus_Passive",70,NA,NA,0.1,0.14695,0.680505,0.498462,0.948631,35
"English","see","Active_minus_Passive",70,NA,NA,0.1,0.14266,0.700966,0.485682,0.948631,36
"English","spot","Active_minus_Passive",70,NA,NA,-0.1,0.17989,-0.555897,0.58008,0.948631,37
"English","wash","Active_minus_Passive",70,NA,NA,-0.1,0.181037,-0.552374,0.582477,0.948631,38
"English","carry","Active_minus_Passive",70,NA,NA,0.0857143,0.158595,0.540461,0.59062,0.948631,39
"English","kiss","Active_minus_Passive",70,NA,NA,0.0857143,0.118204,0.725138,0.470819,0.948631,40
"English","scare","Active_minus_Passive",70,NA,NA,0.0857143,0.110977,0.772361,0.442538,0.948631,41
"English","tease","Active_minus_Passive",70,NA,NA,-0.0857143,0.155962,-0.549584,0.584379,0.948631,42
"English","understand","Active_minus_Passive",70,NA,NA,-0.0857143,0.154629,-0.554323,0.58115,0.948631,43
"English","annoy","Active_minus_Passive",70,NA,NA,0.0714286,0.141453,0.504964,0.615193,0.948631,44
"English","distract","Active_minus_Passive",70,NA,NA,0.0714286,0.0982696,0.726864,0.469768,0.948631,45
"English","surprise","Active_minus_Passive",70,NA,NA,0.0714286,0.104399,0.684189,0.496148,0.948631,46
"English","amuse","Active_minus_Passive",70,NA,NA,-0.0571429,0.145157,-0.393661,0.695045,0.948631,47
"English","dress","Active_minus_Passive",70,NA,NA,-0.0571429,0.200296,-0.285293,0.776275,0.948631,48
"English","hit","Active_minus_Passive",70,NA,NA,0.0571429,0.134804,0.423896,0.672961,0.948631,49
"English","hold","Active_minus_Passive",70,NA,NA,-0.0571429,0.145157,-0.393661,0.695045,0.948631,50
"English","lead","Active_minus_Passive",70,NA,NA,-0.0571429,0.128514,-0.444643,0.657969,0.948631,51
"English","disturb","Active_minus_Passive",70,NA,NA,0.0428571,0.158193,0.270916,0.787264,0.948631,52
"English","eat","Active_minus_Passive",70,NA,NA,0.0428571,0.204945,0.209116,0.834974,0.948631,53
"English","hug","Active_minus_Passive",70,NA,NA,-0.0428571,0.129397,-0.331207,0.741492,0.948631,54
"English","impress","Active_minus_Passive",70,NA,NA,0.0428571,0.154217,0.277901,0.781919,0.948631,55
"English","shake","Active_minus_Passive",70,NA,NA,0.0428571,0.155554,0.275513,0.783745,0.948631,56
"English","terrify","Active_minus_Passive",70,NA,NA,-0.0428571,0.189186,-0.226535,0.821455,0.948631,57
"English","admire","Active_minus_Passive",70,NA,NA,0.0285714,0.16528,0.172867,0.863262,0.948631,58
"English","bother","Active_minus_Passive",70,NA,NA,-0.0285714,0.152239,-0.187675,0.851682,0.948631,59
"English","chase","Active_minus_Passive",70,NA,NA,0.0285714,0.12373,0.230918,0.818062,0.948631,60
"English","drop","Active_minus_Passive",70,NA,NA,0.0285714,0.139463,0.204868,0.838279,0.948631,61
"English","hate","Active_minus_Passive",70,NA,NA,0.0285714,0.116845,0.244524,0.807551,0.948631,62
"English","overhear","Active_minus_Passive",70,NA,NA,-0.0285714,0.14528,-0.196665,0.844668,0.948631,63
"English","please","Active_minus_Passive",70,NA,NA,0.0285714,0.158893,0.179816,0.857824,0.948631,64
"English","watch","Active_minus_Passive",70,NA,NA,-0.0285714,0.185356,-0.154144,0.877946,0.948631,65
"English","follow","Active_minus_Passive",70,NA,NA,-0.0142857,0.112367,-0.127134,0.899204,0.952099,66
"English","ignore","Active_minus_Passive",70,NA,NA,0.0142857,0.17085,0.0836157,0.933604,0.960278,67
"English","irritate","Active_minus_Passive",70,NA,NA,-0.0142857,0.164679,-0.0867488,0.931122,0.960278,68
"English","love","Active_minus_Passive",70,NA,NA,0.0142857,0.0965081,0.148026,0.882754,0.948631,69
"English","upset","Active_minus_Passive",70,NA,NA,-0.0142857,0.0965081,-0.148026,0.882754,0.948631,70
"English","pat","Active_minus_Passive",70,NA,NA,0,0.172666,0,1,1,71
"English","sadden","Active_minus_Passive",70,NA,NA,0,0.19518,0,1,1,72
"English","fear","All",210,5.95238,6.10476,0.152381,0.0822784,1.85202,0.0654339,0.591531,1
"English","entertain","All",210,6.22381,6.08095,-0.142857,0.0614465,-2.3249,0.0210369,0.581694,2
"English","wash","All",210,5.84286,5.98571,0.142857,0.0772202,1.85,0.0657256,0.591531,3
"English","pat","All",210,5.72857,5.86667,0.138095,0.0683422,2.02064,0.0445926,0.581694,4
"English","hold","All",210,6.09048,5.95714,-0.133333,0.0647949,-2.05778,0.0408526,0.581694,5
"English","trust","All",210,6.04762,6.18095,0.133333,0.0665298,2.00411,0.0463487,0.581694,6
"English","notice","All",210,6.03333,6.1619,0.128571,0.0643117,1.99919,0.0468827,0.581694,7
"English","squash","All",210,6.11429,5.99048,-0.12381,0.0623788,-1.9848,0.0484745,0.581694,8
"English","dress","All",210,5.98571,6.1,0.114286,0.0744475,1.53512,0.126267,0.826476,9
"English","recognize","All",210,6.14286,6.25238,0.109524,0.0679218,1.6125,0.108363,0.78021,10
"English","eat","All",210,5.37143,5.47143,0.1,0.0860383,1.16227,0.24645,0.95782,11
"English","hate","All",210,6.2381,6.1381,-0.1,0.05979,-1.67252,0.0959181,0.767345,12
"English","understand","All",210,5.92857,6.02857,0.1,0.0750028,1.33328,0.18389,0.95782,13
"English","lookat","All",210,5.87143,5.96667,0.0952381,0.0647647,1.47052,0.142924,0.857542,14
"English","disgust","All",210,6.04286,5.95714,-0.0857143,0.075239,-1.13923,0.255913,0.95782,15
"English","terrify","All",210,6.14286,6.05714,-0.0857143,0.0796519,-1.07611,0.283119,0.95782,16
"English","upset","All",210,6.18571,6.10476,-0.0809524,0.06573,-1.23159,0.219486,0.95782,17
"English","hit","All",210,6.1,6.17619,0.0761905,0.062743,1.21433,0.225993,0.95782,18
"English","like","All",210,6.31905,6.24286,-0.0761905,0.0725132,-1.05071,0.294604,0.95782,19
"English","surprise","All",210,6.18095,6.25238,0.0714286,0.062951,1.13467,0.257814,0.95782,20
"English","chase","All",210,6.30476,6.2381,-0.0666667,0.0638741,-1.04372,0.297821,0.95782,21
"English","know","All",210,6.04762,6.11429,0.0666667,0.0768286,0.867732,0.386536,0.95782,22
"English","listento","All",210,5.97143,6.0381,0.0666667,0.0782974,0.851455,0.395491,0.95782,23
"English","watch","All",210,6.06667,6.13333,0.0666667,0.0768286,0.867732,0.386536,0.95782,24
"English","distract","All",210,6.26667,6.20476,-0.0619048,0.0588868,-1.05125,0.294357,0.95782,25
"English","amaze","All",210,6.17143,6.22857,0.0571429,0.0690584,0.827457,0.408922,0.95782,26
"English","carry","All",210,6.14762,6.09048,-0.0571429,0.0719665,-0.79402,0.428084,0.95782,27
"English","miss","All",210,5.98095,6.0381,0.0571429,0.0797744,0.716305,0.474602,0.95782,28
"English","scare","All",210,6.22857,6.28571,0.0571429,0.0617424,0.925504,0.355771,0.95782,29
"English","admire","All",210,6.19524,6.24762,0.052381,0.0733944,0.713692,0.476214,0.95782,30
"English","bother","All",210,5.97143,6.02381,0.052381,0.0641157,0.816976,0.414872,0.95782,31
"English","spot","All",210,6.19524,6.14286,-0.052381,0.0835562,-0.626895,0.531412,0.95782,32
"English","anger","All",210,5.93333,5.98095,0.047619,0.0792313,0.601013,0.548483,0.95782,33
"English","kick","All",210,6.14286,6.09524,-0.047619,0.0763015,-0.624091,0.533249,0.95782,34
"English","remember","All",210,5.9619,6.00952,0.047619,0.0765995,0.621663,0.534841,0.95782,35
"English","drop","All",210,6.08095,6.0381,-0.0428571,0.0637933,-0.671812,0.502445,0.95782,36
"English","follow","All",210,6.30476,6.2619,-0.0428571,0.0712186,-0.601769,0.54798,0.95782,37
"English","hear","All",210,6.21905,6.17619,-0.0428571,0.064856,-0.660805,0.509465,0.95782,38
"English","calm","All",210,5.97143,5.93333,-0.0380952,0.0621802,-0.612659,0.540768,0.95782,39
"English","dislike","All",210,6.10476,6.14286,0.0380952,0.067453,0.564767,0.572838,0.95782,40
"English","forget","All",210,5.8619,5.9,0.0380952,0.0687908,0.553784,0.580319,0.95782,41
"English","cut","All",210,6.01905,6.05238,0.0333333,0.0623762,0.534392,0.593638,0.95782,42
"English","kiss","All",210,6.25714,6.22381,-0.0333333,0.0627404,-0.53129,0.595782,0.95782,43
"English","startle","All",210,6.18095,6.21429,0.0333333,0.068968,0.483316,0.629377,0.95782,44
"English","worry","All",210,5.57619,5.54286,-0.0333333,0.090914,-0.366647,0.714253,0.95782,45
"English","help","All",210,6.21429,6.18571,-0.0285714,0.0632939,-0.451409,0.652163,0.95782,46
"English","lead","All",210,6.22381,6.19524,-0.0285714,0.0664548,-0.429938,0.667684,0.95782,47
"English","teach","All",210,6.19524,6.16667,-0.0285714,0.0729904,-0.391441,0.69587,0.95782,48
"English","overhear","All",210,6.22381,6.2,-0.0238095,0.0652529,-0.364881,0.715569,0.95782,49
"English","tease","All",210,6.06667,6.09048,0.0238095,0.0702956,0.338706,0.735171,0.95782,50
"English","call","All",210,6.0619,6.04286,-0.0190476,0.0701403,-0.271565,0.786225,0.95782,51
"English","frighten","All",210,6.19524,6.17619,-0.0190476,0.0691589,-0.275418,0.783267,0.95782,52
"English","ignore","All",210,6.1,6.11905,0.0190476,0.0678283,0.280821,0.779125,0.95782,53
"English","sadden","All",210,5.5619,5.54286,-0.0190476,0.078712,-0.241991,0.809024,0.95782,54
"English","smell","All",210,5.32381,5.30476,-0.0190476,0.0856434,-0.222406,0.824215,0.95782,55
"English","bite","All",210,5.99524,5.98095,-0.0142857,0.0699831,-0.204131,0.83845,0.95782,56
"English","cheerup","All",210,6.03333,6.01905,-0.0142857,0.0722261,-0.197792,0.8434,0.95782,57
"English","love","All",210,6.37619,6.39048,0.0142857,0.0620448,0.230248,0.818124,0.95782,58
"English","please","All",210,5.95238,5.9381,-0.0142857,0.0715924,-0.199542,0.842033,0.95782,59
"English","push","All",210,6.18571,6.17143,-0.0142857,0.0689995,-0.207041,0.836179,0.95782,60
"English","see","All",210,6.17619,6.1619,-0.0142857,0.0676658,-0.211122,0.832998,0.95782,61
"English","shake","All",210,6.07143,6.05714,-0.0142857,0.0689995,-0.207041,0.836179,0.95782,62
"English","shock","All",210,6.1,6.08571,-0.0142857,0.0673282,-0.21218,0.832173,0.95782,63
"English","annoy","All",210,6.21905,6.22857,0.00952381,0.0564744,0.168639,0.866243,0.95782,64
"English","avoid","All",210,5.8,5.80952,0.00952381,0.0834958,0.114063,0.909297,0.95782,65
"English","impress","All",210,6.34286,6.35238,0.00952381,0.0654446,0.145525,0.884437,0.95782,66
"English","amuse","All",210,6.15238,6.15714,0.0047619,0.0666545,0.0714417,0.943115,0.95782,67
"English","disturb","All",210,6.1381,6.13333,-0.0047619,0.0669954,-0.0710781,0.943404,0.95782,68
"English","hug","All",210,6.17619,6.18095,0.0047619,0.0624179,0.0762907,0.939261,0.95782,69
"English","irritate","All",210,6.17143,6.17619,0.0047619,0.0683422,0.0696773,0.944517,0.95782,70
"English","pull","All",210,6.00476,6.00952,0.0047619,0.0620518,0.0767408,0.938903,0.95782,71
"English","believe","All",210,5.87619,5.87619,0,0.0856535,0,1,1,72
"English","fear","Passive",70,5.92857,6.31429,0.385714,0.130761,2.94976,0.00433936,0.104145,1
"English","recognize","Passive",70,6.11429,6.45714,0.342857,0.158781,2.15931,0.0343053,0.411664,2
"English","wash","Passive",70,5.87143,6.21429,0.342857,0.131697,2.60339,0.0112921,0.203259,3
"English","amaze","Passive",70,6.48571,6.81429,0.328571,0.107139,3.06677,0.00308929,0.104145,4
"English","know","Passive",70,5.84286,6.17143,0.328571,0.143487,2.2899,0.0250897,0.361292,5
"English","squash","Passive",70,6.45714,6.14286,-0.314286,0.104837,-2.99785,0.00377756,0.104145,6
"English","help","Passive",70,6.42857,6.17143,-0.257143,0.131382,-1.95722,0.0543683,0.496515,7
"English","miss","Passive",70,5.78571,6.04286,0.257143,0.154552,1.66379,0.10069,0.65906,8
"English","notice","Passive",70,6.04286,6.28571,0.242857,0.124504,1.95059,0.0551684,0.496515,9
"English","lookat","Passive",70,5.68571,5.91429,0.228571,0.122384,1.86766,0.066057,0.528456,10
"English","remember","Passive",70,5.6,5.82857,0.228571,0.160449,1.42457,0.158788,0.879439,11
"English","pat","Passive",70,5.82857,6,0.171429,0.14094,1.21633,0.228005,0.959653,12
"English","dislike","Passive",70,6.01429,6.17143,0.157143,0.135951,1.15588,0.251718,0.959653,13
"English","pull","Passive",70,6.4,6.24286,-0.157143,0.0924381,-1.69998,0.0936389,0.65906,14
"English","push","Passive",70,6.47143,6.61429,0.142857,0.117401,1.21683,0.227813,0.959653,15
"English","avoid","Passive",70,5.45714,5.32857,-0.128571,0.179626,-0.715772,0.476548,0.959653,16
"English","carry","Passive",70,6.47143,6.34286,-0.128571,0.128571,-1,0.320805,0.959653,17
"English","chase","Passive",70,6.68571,6.55714,-0.128571,0.101585,-1.26566,0.209892,0.959653,18
"English","cut","Passive",70,6.35714,6.22857,-0.128571,0.131753,-0.975854,0.332546,0.959653,19
"English","kick","Passive",70,6.37143,6.24286,-0.128571,0.136386,-0.942706,0.34912,0.959653,20
"English","like","Passive",70,6.44286,6.31429,-0.128571,0.139389,-0.922396,0.359536,0.959653,21
"English","sadden","Passive",70,6.18571,6.05714,-0.128571,0.133315,-0.964419,0.338204,0.959653,22
"English","bite","Passive",70,6.12857,6.24286,0.114286,0.108715,1.05124,0.296816,0.959653,23
"English","dress","Passive",70,6.31429,6.42857,0.114286,0.154361,0.74038,0.461581,0.959653,24
"English","entertain","Passive",70,6.61429,6.5,-0.114286,0.0802245,-1.42457,0.158788,0.879439,25
"English","follow","Passive",70,6.71429,6.6,-0.114286,0.117853,-0.969729,0.335569,0.959653,26
"English","smell","Passive",70,4.88571,5,0.114286,0.17091,0.668689,0.505925,0.959653,27
"English","worry","Passive",70,5.9,5.78571,-0.114286,0.183753,-0.621953,0.536023,0.959653,28
"English","believe","Passive",70,5.61429,5.71429,0.1,0.170434,0.586739,0.559294,0.959653,29
"English","drop","Passive",70,6.27143,6.17143,-0.1,0.118915,-0.840937,0.403288,0.959653,30
"English","hold","Passive",70,6.42857,6.32857,-0.1,0.113572,-0.8805,0.381645,0.959653,31
"English","listento","Passive",70,5.98571,5.88571,-0.1,0.160421,-0.623359,0.535104,0.959653,32
"English","trust","Passive",70,6.01429,6.11429,0.1,0.124028,0.806268,0.422859,0.959653,33
"English","understand","Passive",70,5.98571,6.08571,0.1,0.111734,0.894983,0.373908,0.959653,34
"English","bother","Passive",70,6.24286,6.32857,0.0857143,0.0948855,0.903345,0.369486,0.959653,35
"English","forget","Passive",70,5.94286,6.02857,0.0857143,0.110977,0.772361,0.442538,0.959653,36
"English","frighten","Passive",70,6.52857,6.61429,0.0857143,0.125014,0.685637,0.495239,0.959653,37
"English","distract","Passive",70,6.68571,6.61429,-0.0714286,0.0846902,-0.84341,0.401914,0.959653,38
"English","love","Passive",70,6.57143,6.5,-0.0714286,0.110188,-0.648243,0.518979,0.959653,39
"English","tease","Passive",70,6.34286,6.41429,0.0714286,0.129214,0.552793,0.582192,0.959653,40
"English","anger","Passive",70,6.14286,6.2,0.0571429,0.137842,0.414555,0.679754,0.959653,41
"English","kiss","Passive",70,6.48571,6.42857,-0.0571429,0.0929964,-0.614463,0.54093,0.959653,42
"English","overhear","Passive",70,6.38571,6.44286,0.0571429,0.134804,0.423896,0.672961,0.959653,43
"English","see","Passive",70,6.27143,6.21429,-0.0571429,0.126893,-0.450324,0.653888,0.959653,44
"English","shake","Passive",70,6.27143,6.21429,-0.0571429,0.105512,-0.541576,0.589855,0.959653,45
"English","surprise","Passive",70,6.62857,6.57143,-0.0571429,0.109366,-0.522491,0.603002,0.959653,46
"English","terrify","Passive",70,6.51429,6.45714,-0.0571429,0.12525,-0.456229,0.649658,0.959653,47
"English","upset","Passive",70,6.44286,6.38571,-0.0571429,0.107456,-0.531777,0.596588,0.959653,48
"English","disgust","Passive",70,6.6,6.55714,-0.0428571,0.0963854,-0.444643,0.657969,0.959653,49
"English","hate","Passive",70,6.41429,6.37143,-0.0428571,0.0919891,-0.465894,0.642759,0.959653,50
"English","scare","Passive",70,6.47143,6.51429,0.0428571,0.0873718,0.490514,0.625326,0.959653,51
"English","watch","Passive",70,6.1,6.14286,0.0428571,0.155554,0.275513,0.783745,0.993503,52
"English","admire","Passive",70,6.42857,6.45714,0.0285714,0.142401,0.200641,0.84157,0.993503,53
"English","calm","Passive",70,6.28571,6.31429,0.0285714,0.0975294,0.292952,0.770438,0.993503,54
"English","cheerup","Passive",70,6.38571,6.41429,0.0285714,0.131831,0.216727,0.82906,0.993503,55
"English","eat","Passive",70,5.65714,5.62857,-0.0285714,0.176193,-0.16216,0.871654,0.993503,56
"English","hug","Passive",70,6.37143,6.34286,-0.0285714,0.103703,-0.275513,0.783745,0.993503,57
"English","ignore","Passive",70,6.28571,6.25714,-0.0285714,0.133392,-0.214191,0.83103,0.993503,58
"English","shock","Passive",70,6.58571,6.55714,-0.0285714,0.113246,-0.252296,0.801563,0.993503,59
"English","teach","Passive",70,6.38571,6.41429,0.0285714,0.113246,0.252296,0.801563,0.993503,60
"English","annoy","Passive",70,6.58571,6.57143,-0.0142857,0.0943384,-0.151431,0.880078,0.993503,61
"English","disturb","Passive",70,6.45714,6.44286,-0.0142857,0.114195,-0.125099,0.900809,0.993503,62
"English","hit","Passive",70,6.41429,6.42857,0.0142857,0.102743,0.139044,0.889821,0.993503,63
"English","irritate","Passive",70,6.47143,6.48571,0.0142857,0.132648,0.107697,0.914549,0.993503,64
"English","lead","Passive",70,6.58571,6.6,0.0142857,0.124599,0.114653,0.909053,0.993503,65
"English","please","Passive",70,6.2,6.21429,0.0142857,0.12625,0.113154,0.910237,0.993503,66
"English","spot","Passive",70,6.45714,6.44286,-0.0142857,0.150214,-0.0951022,0.924509,0.993503,67
"English","amuse","Passive",70,6.52857,6.52857,0,0.115111,0,1,1,68
"English","call","Passive",70,6.07143,6.07143,0,0.138013,0,1,1,69
"English","hear","Passive",70,6.22857,6.22857,0,0.0954449,0,1,1,70
"English","impress","Passive",70,6.71429,6.71429,0,0.0932505,0,1,1,71
"English","startle","Passive",70,6.54286,6.54286,0,0.116896,0,1,1,72
"English","eat","Pseudo_Passive",70,4.5,4.81429,0.314286,0.148899,2.11073,0.0384219,0.939835,1
"English","trust","Pseudo_Passive",70,5.3,5.61429,0.314286,0.134276,2.34059,0.0221506,0.939835,2
"English","surprise","Pseudo_Passive",70,5.15714,5.41429,0.257143,0.136027,1.89038,0.0629076,0.939835,3
"English","hate","Pseudo_Passive",70,5.48571,5.24286,-0.242857,0.124504,-1.95059,0.0551684,0.939835,4
"English","hear","Pseudo_Passive",70,5.75714,5.51429,-0.242857,0.144514,-1.68051,0.0973808,0.939835,5
"English","listento","Pseudo_Passive",70,5.17143,5.37143,0.2,0.153091,1.30641,0.19575,0.939835,6
"English","sadden","Pseudo_Passive",70,4.75714,4.95714,0.2,0.123107,1.62461,0.108806,0.939835,7
"English","forget","Pseudo_Passive",70,5.07143,5.25714,0.185714,0.130761,1.42026,0.160036,0.939835,8
"English","help","Pseudo_Passive",70,5.34286,5.52857,0.185714,0.125922,1.47484,0.144804,0.939835,9
"English","understand","Pseudo_Passive",70,5.11429,5.3,0.185714,0.165682,1.12091,0.266213,0.939835,10
"English","amaze","Pseudo_Passive",70,5.47143,5.3,-0.171429,0.142401,-1.20384,0.232763,0.939835,11
"English","dress","Pseudo_Passive",70,5.12857,5.3,0.171429,0.113246,1.51377,0.13465,0.939835,12
"English","love","Pseudo_Passive",70,5.65714,5.82857,0.171429,0.133392,1.28514,0.203039,0.939835,13
"English","overhear","Pseudo_Passive",70,5.52857,5.37143,-0.157143,0.129717,-1.21143,0.229862,0.939835,14
"English","wash","Pseudo_Passive",70,5.27143,5.11429,-0.157143,0.143363,-1.09611,0.27684,0.939835,15
"English","fear","Pseudo_Passive",70,5.42857,5.57143,0.142857,0.148541,0.961734,0.339541,0.939835,16
"English","hit","Pseudo_Passive",70,5.18571,5.32857,0.142857,0.142857,1,0.320805,0.939835,17
"English","hold","Pseudo_Passive",70,5.14286,5,-0.142857,0.129157,-1.10608,0.272535,0.939835,18
"English","pull","Pseudo_Passive",70,5.1,5.24286,0.142857,0.115624,1.23554,0.220821,0.939835,19
"English","watch","Pseudo_Passive",70,5.28571,5.42857,0.142857,0.142857,1,0.320805,0.939835,20
"English","bite","Pseudo_Passive",70,5.25714,5.12857,-0.128571,0.142328,-0.903345,0.369486,0.939835,21
"English","squash","Pseudo_Passive",70,5.3,5.17143,-0.128571,0.128571,-1,0.320805,0.939835,22
"English","cut","Pseudo_Passive",70,5.11429,5.22857,0.114286,0.117853,0.969729,0.335569,0.939835,23
"English","distract","Pseudo_Passive",70,5.28571,5.17143,-0.114286,0.137326,-0.832224,0.408153,0.939835,24
"English","follow","Pseudo_Passive",70,5.27143,5.38571,0.114286,0.155696,0.73403,0.465418,0.939835,25
"English","hug","Pseudo_Passive",70,5.25714,5.37143,0.114286,0.146092,0.782287,0.436722,0.939835,26
"English","push","Pseudo_Passive",70,5.28571,5.17143,-0.114286,0.141776,-0.806098,0.422956,0.939835,27
"English","upset","Pseudo_Passive",70,5.37143,5.25714,-0.114286,0.143229,-0.797921,0.427654,0.939835,28
"English","ignore","Pseudo_Passive",70,5.18571,5.28571,0.1,0.132111,0.756937,0.451665,0.939835,29
"English","notice","Pseudo_Passive",70,5.28571,5.38571,0.1,0.135209,0.739594,0.462055,0.939835,30
"English","please","Pseudo_Passive",70,5.18571,5.08571,-0.1,0.151117,-0.661738,0.510343,0.939835,31
"English","shock","Pseudo_Passive",70,5.12857,5.02857,-0.1,0.109865,-0.910205,0.365883,0.939835,32
"English","terrify","Pseudo_Passive",70,5.27143,5.17143,-0.1,0.148352,-0.674073,0.502517,0.939835,33
"English","anger","Pseudo_Passive",70,5.3,5.21429,-0.0857143,0.150558,-0.569309,0.570995,0.939835,34
"English","entertain","Pseudo_Passive",70,5.21429,5.12857,-0.0857143,0.142068,-0.603332,0.548266,0.939835,35
"English","know","Pseudo_Passive",70,5.51429,5.42857,-0.0857143,0.149177,-0.574581,0.567443,0.939835,36
"English","lookat","Pseudo_Passive",70,5.15714,5.24286,0.0857143,0.136114,0.629724,0.530955,0.939835,37
"English","admire","Pseudo_Passive",70,5.41429,5.48571,0.0714286,0.14435,0.494828,0.622294,0.939835,38
"English","amuse","Pseudo_Passive",70,5.17143,5.24286,0.0714286,0.14435,0.494828,0.622294,0.939835,39
"English","avoid","Pseudo_Passive",70,5.22857,5.3,0.0714286,0.151352,0.471937,0.638461,0.939835,40
"English","disgust","Pseudo_Passive",70,5,4.92857,-0.0714286,0.159348,-0.448254,0.655374,0.939835,41
"English","kick","Pseudo_Passive",70,5.3,5.22857,-0.0714286,0.156728,-0.455748,0.650002,0.939835,42
"English","kiss","Pseudo_Passive",70,5.42857,5.35714,-0.0714286,0.148591,-0.480706,0.632246,0.939835,43
"English","like","Pseudo_Passive",70,5.67143,5.6,-0.0714286,0.152714,-0.467728,0.641453,0.939835,44
"English","miss","Pseudo_Passive",70,5.32857,5.4,0.0714286,0.136991,0.521409,0.603751,0.939835,45
"English","pat","Pseudo_Passive",70,5.05714,5.12857,0.0714286,0.13238,0.539573,0.591228,0.939835,46
"English","remember","Pseudo_Passive",70,5.47143,5.54286,0.0714286,0.138494,0.51575,0.607677,0.939835,47
"English","call","Pseudo_Passive",70,5.34286,5.4,0.0571429,0.131697,0.433898,0.665716,0.939835,48
"English","calm","Pseudo_Passive",70,5.04286,4.98571,-0.0571429,0.107456,-0.531777,0.596588,0.939835,49
"English","dislike","Pseudo_Passive",70,5.5,5.44286,-0.0571429,0.1219,-0.46877,0.640712,0.939835,50
"English","lead","Pseudo_Passive",70,5.3,5.24286,-0.0571429,0.145157,-0.393661,0.695045,0.957896,51
"English","startle","Pseudo_Passive",70,5.37143,5.31429,-0.0571429,0.123586,-0.462372,0.645269,0.939835,52
"English","believe","Pseudo_Passive",70,5.27143,5.22857,-0.0428571,0.154217,-0.277901,0.781919,0.983566,53
"English","cheerup","Pseudo_Passive",70,5.18571,5.22857,0.0428571,0.12283,0.348914,0.728217,0.957896,54
"English","drop","Pseudo_Passive",70,5.21429,5.25714,0.0428571,0.114091,0.375639,0.708338,0.957896,55
"English","frighten","Pseudo_Passive",70,5.15714,5.2,0.0428571,0.124504,0.344222,0.731726,0.957896,56
"English","chase","Pseudo_Passive",70,5.3,5.32857,0.0285714,0.152239,0.187675,0.851682,0.983566,57
"English","disturb","Pseudo_Passive",70,5.25714,5.22857,-0.0285714,0.125392,-0.227857,0.820431,0.983566,58
"English","recognize","Pseudo_Passive",70,5.4,5.42857,0.0285714,0.116845,0.244524,0.807551,0.983566,59
"English","see","Pseudo_Passive",70,5.47143,5.44286,-0.0285714,0.146698,-0.194764,0.84615,0.983566,60
"English","shake","Pseudo_Passive",70,5.2,5.22857,0.0285714,0.143847,0.198623,0.843142,0.983566,61
"English","spot","Pseudo_Passive",70,5.41429,5.38571,-0.0285714,0.178528,-0.160039,0.873318,0.983566,62
"English","annoy","Pseudo_Passive",70,5.37143,5.35714,-0.0142857,0.114195,-0.125099,0.900809,0.983566,63
"English","bother","Pseudo_Passive",70,5.12857,5.14286,0.0142857,0.115994,0.123159,0.902339,0.983566,64
"English","impress","Pseudo_Passive",70,5.5,5.48571,-0.0142857,0.150214,-0.0951022,0.924509,0.983566,65
"English","smell","Pseudo_Passive",70,5.12857,5.11429,-0.0142857,0.132648,-0.107697,0.914549,0.983566,66
"English","tease","Pseudo_Passive",70,5.14286,5.15714,0.0142857,0.13875,0.10296,0.918294,0.983566,67
"English","worry","Pseudo_Passive",70,4.68571,4.7,0.0142857,0.159571,0.0895258,0.928923,0.983566,68
"English","carry","Pseudo_Passive",70,5.21429,5.21429,0,0.14532,0,1,1,69
"English","irritate","Pseudo_Passive",70,5.27143,5.27143,0,0.118654,0,1,1,70
"English","scare","Pseudo_Passive",70,5.45714,5.45714,0,0.142442,0,1,1,71
"English","teach","Pseudo_Passive",70,5.37143,5.37143,0,0.166563,0,1,1,72
"Turkish","squash","Active",70,6.62857,6.31429,-0.314286,0.134276,-2.34059,0.0221506,0.295958,1
"Turkish","pat","Active",70,6.85714,6.64286,-0.214286,0.0640033,-3.34804,0.00132111,0.0951197,2
"Turkish","know","Active",70,5.55714,5.75714,0.2,0.178097,1.12299,0.265336,0.679351,3
"Turkish","terrify","Active",70,6.8,6.6,-0.2,0.12966,-1.5425,0.127526,0.477595,4
"Turkish","forget","Active",70,6.47143,6.65714,0.185714,0.0846203,2.19468,0.0315552,0.295958,5
"Turkish","disgust","Active",70,6.65714,6.48571,-0.171429,0.0953829,-1.79727,0.076669,0.345011,6
"Turkish","enrage","Active",70,6.87143,6.7,-0.171429,0.093187,-1.83962,0.0701262,0.336606,7
"Turkish","bother","Active",70,6.92857,6.77143,-0.157143,0.063166,-2.48778,0.0152744,0.295958,8
"Turkish","lookat","Active",70,6.71429,6.87143,0.157143,0.0804638,1.95296,0.0548808,0.302375,9
"Turkish","calm","Active",70,6.91429,6.78571,-0.128571,0.049517,-2.59651,0.0114998,0.295958,10
"Turkish","hug","Active",70,6.72857,6.6,-0.128571,0.103603,-1.24101,0.218807,0.605926,11
"Turkish","call","Active",70,6.95714,6.84286,-0.114286,0.0720675,-1.58581,0.117354,0.469417,12
"Turkish","carry","Active",70,6.95714,6.84286,-0.114286,0.0594762,-1.92154,0.0587951,0.302375,13
"Turkish","envy","Active",70,6.87143,6.75714,-0.114286,0.0520505,-2.19567,0.0314809,0.295958,14
"Turkish","worry","Active",70,6.7,6.81429,0.114286,0.106794,1.07015,0.28828,0.679351,15
"Turkish","anger","Active",70,6.92857,6.82857,-0.1,0.0414539,-2.41232,0.0185145,0.295958,16
"Turkish","chase","Active",70,6.97143,6.87143,-0.1,0.0504637,-1.98162,0.051507,0.302375,17
"Turkish","inspect","Active",70,6.98571,6.88571,-0.1,0.0679483,-1.47171,0.145647,0.49936,18
"Turkish","comfort","Active",70,6.94286,6.85714,-0.0857143,0.0443161,-1.93416,0.0571958,0.302375,19
"Turkish","dress","Active",70,6.81429,6.9,0.0857143,0.080739,1.06162,0.292109,0.679351,20
"Turkish","hold","Active",70,6.87143,6.78571,-0.0857143,0.0443161,-1.93416,0.0571958,0.302375,21
"Turkish","ignore","Active",70,6.88571,6.8,-0.0857143,0.0666962,-1.28514,0.203039,0.584752,22
"Turkish","irritate","Active",70,6.9,6.81429,-0.0857143,0.0443161,-1.93416,0.0571958,0.302375,23
"Turkish","like","Active",70,6.97143,6.88571,-0.0857143,0.039368,-2.17726,0.0328843,0.295958,24
"Turkish","observe","Active",70,6.7,6.78571,0.0857143,0.0904162,0.947997,0.34644,0.712676,25
"Turkish","please","Active",70,6.85714,6.77143,-0.0857143,0.0635162,-1.34949,0.181592,0.568462,26
"Turkish","surprise","Active",70,6.85714,6.77143,-0.0857143,0.0857143,-1,0.320805,0.679351,27
"Turkish","bite","Active",70,6.7,6.77143,0.0714286,0.0961396,0.742967,0.460024,0.838123,28
"Turkish","disturb","Active",70,6.84286,6.77143,-0.0714286,0.0423014,-1.68856,0.0958184,0.405819,29
"Turkish","listento","Active",70,6.88571,6.95714,0.0714286,0.0469413,1.52166,0.132665,0.477595,30
"Turkish","slap","Active",70,6.7,6.77143,0.0714286,0.0550604,1.29728,0.198857,0.584752,31
"Turkish","amuse","Active",70,6.9,6.84286,-0.0571429,0.0533969,-1.07015,0.28828,0.679351,32
"Turkish","annoy","Active",70,6.9,6.84286,-0.0571429,0.0571429,-1,0.320805,0.679351,33
"Turkish","distract","Active",70,6.77143,6.82857,0.0571429,0.0836183,0.683378,0.496657,0.838123,34
"Turkish","eat","Active",70,6.25714,6.2,-0.0571429,0.134804,-0.423896,0.672961,0.881713,35
"Turkish","frighten","Active",70,6.85714,6.8,-0.0571429,0.0671382,-0.851122,0.397645,0.795291,36
"Turkish","smell","Active",70,6.84286,6.78571,-0.0571429,0.0701543,-0.814531,0.418143,0.813684,37
"Turkish","want","Active",70,6.51429,6.45714,-0.0571429,0.123586,-0.462372,0.645269,0.881713,38
"Turkish","astonish","Active",70,6.82857,6.78571,-0.0428571,0.062507,-0.685637,0.495239,0.838123,39
"Turkish","dislike","Active",70,6.85714,6.9,0.0428571,0.0688134,0.622802,0.535468,0.838123,40
"Turkish","find","Active",70,6.95714,6.91429,-0.0428571,0.0317581,-1.34949,0.181592,0.568462,41
"Turkish","lead","Active",70,6.95714,6.91429,-0.0428571,0.0428571,-1,0.320805,0.679351,42
"Turkish","recognize","Active",70,6.9,6.85714,-0.0428571,0.0688134,-0.622802,0.535468,0.838123,43
"Turkish","scold","Active",70,6.82857,6.87143,0.0428571,0.062507,0.685637,0.495239,0.838123,44
"Turkish","sense","Active",70,6.65714,6.7,0.0428571,0.102627,0.417599,0.677537,0.881713,45
"Turkish","spyon","Active",70,6.87143,6.82857,-0.0428571,0.0773144,-0.554323,0.58115,0.871725,46
"Turkish","teach","Active",70,6.81429,6.85714,0.0428571,0.0688134,0.622802,0.535468,0.838123,47
"Turkish","wash","Active",70,6.87143,6.82857,-0.0428571,0.0688134,-0.622802,0.535468,0.838123,48
"Turkish","admire","Active",70,6.92857,6.95714,0.0285714,0.0285714,1,0.320805,0.679351,49
"Turkish","cut","Active",70,6.52857,6.55714,0.0285714,0.0909381,0.314185,0.754328,0.881713,50
"Turkish","fascinate","Active",70,6.88571,6.91429,0.0285714,0.0537282,0.531777,0.596588,0.87662,51
"Turkish","miss","Active",70,6.88571,6.91429,0.0285714,0.0574526,0.497305,0.620555,0.881713,52
"Turkish","remember","Active",70,6.9,6.87143,-0.0285714,0.0453714,-0.629724,0.530955,0.838123,53
"Turkish","shake","Active",70,6.78571,6.81429,0.0285714,0.0996296,0.286777,0.775143,0.881713,54
"Turkish","shock","Active",70,6.82857,6.8,-0.0285714,0.0704068,-0.405805,0.686141,0.881713,55
"Turkish","watch","Active",70,6.91429,6.88571,-0.0285714,0.0886322,-0.32236,0.748155,0.881713,56
"Turkish","cheerup","Active",70,6.84286,6.85714,0.0142857,0.0518513,0.275513,0.783745,0.881713,57
"Turkish","drop","Active",70,6.88571,6.87143,-0.0142857,0.0593019,-0.240898,0.810348,0.884016,58
"Turkish","follow","Active",70,6.91429,6.92857,0.0142857,0.0431323,0.331207,0.741492,0.881713,59
"Turkish","hear","Active",70,6.88571,6.87143,-0.0142857,0.0476915,-0.299545,0.765425,0.881713,60
"Turkish","kiss","Active",70,6.98571,6.97143,-0.0142857,0.0248628,-0.574581,0.567443,0.869275,61
"Turkish","love","Active",70,6.82857,6.84286,0.0142857,0.0689851,0.207084,0.836554,0.898984,62
"Turkish","provoke","Active",70,6.81429,6.82857,0.0142857,0.0518513,0.275513,0.783745,0.881713,63
"Turkish","push","Active",70,6.87143,6.85714,-0.0142857,0.0557013,-0.25647,0.798351,0.884016,64
"Turkish","scare","Active",70,6.91429,6.92857,0.0142857,0.0380305,0.375639,0.708338,0.881713,65
"Turkish","see","Active",70,6.87143,6.88571,0.0142857,0.0518513,0.275513,0.783745,0.881713,66
"Turkish","threaten","Active",70,6.84286,6.85714,0.0142857,0.0380305,0.375639,0.708338,0.881713,67
"Turkish","entertain","Active",70,6.85714,6.85714,0,0.0498445,0,1,1,68
"Turkish","hate","Active",70,6.75714,6.75714,0,0.10376,0,1,1,69
"Turkish","kick","Active",70,6.8,6.8,0,0.0704907,0,1,1,70
"Turkish","notice","Active",70,6.87143,6.87143,0,0.0498445,0,1,1,71
"Turkish","pull","Active",70,6.8,6.8,0,0.0575554,0,1,1,72
"Turkish","sense","Active_minus_Passive",70,NA,NA,0.4,0.185834,2.15246,0.0348609,0.999455,1
"Turkish","watch","Active_minus_Passive",70,NA,NA,-0.242857,0.143074,-1.69742,0.094124,0.999455,2
"Turkish","forget","Active_minus_Passive",70,NA,NA,0.228571,0.176428,1.29555,0.199448,0.999455,3
"Turkish","inspect","Active_minus_Passive",70,NA,NA,-0.214286,0.0860758,-2.4895,0.0152068,0.999455,4
"Turkish","slap","Active_minus_Passive",70,NA,NA,0.214286,0.113102,1.89462,0.0623335,0.999455,5
"Turkish","cheerup","Active_minus_Passive",70,NA,NA,-0.2,0.140393,-1.42457,0.158788,0.999455,6
"Turkish","squash","Active_minus_Passive",70,NA,NA,-0.2,0.183817,-1.08804,0.280365,0.999455,7
"Turkish","want","Active_minus_Passive",70,NA,NA,-0.2,0.162282,-1.23242,0.221974,0.999455,8
"Turkish","frighten","Active_minus_Passive",70,NA,NA,0.185714,0.145737,1.27431,0.206828,0.999455,9
"Turkish","miss","Active_minus_Passive",70,NA,NA,0.185714,0.164427,1.12946,0.262615,0.999455,10
"Turkish","observe","Active_minus_Passive",70,NA,NA,0.185714,0.144309,1.28692,0.202424,0.999455,11
"Turkish","annoy","Active_minus_Passive",70,NA,NA,-0.171429,0.116845,-1.46714,0.14688,0.999455,12
"Turkish","cut","Active_minus_Passive",70,NA,NA,0.171429,0.171429,1,0.320805,0.999455,13
"Turkish","scold","Active_minus_Passive",70,NA,NA,-0.171429,0.133392,-1.28514,0.203039,0.999455,14
"Turkish","comfort","Active_minus_Passive",70,NA,NA,-0.157143,0.123167,-1.27585,0.206286,0.999455,15
"Turkish","hug","Active_minus_Passive",70,NA,NA,0.157143,0.153139,1.02614,0.308408,0.999455,16
"Turkish","ignore","Active_minus_Passive",70,NA,NA,-0.142857,0.120876,-1.18185,0.241324,0.999455,17
"Turkish","kiss","Active_minus_Passive",70,NA,NA,0.142857,0.102324,1.39612,0.167154,0.999455,18
"Turkish","find","Active_minus_Passive",70,NA,NA,0.128571,0.131753,0.975854,0.332546,0.999455,19
"Turkish","hear","Active_minus_Passive",70,NA,NA,-0.128571,0.123646,-1.03983,0.302047,0.999455,20
"Turkish","listento","Active_minus_Passive",70,NA,NA,-0.128571,0.130172,-0.987706,0.326748,0.999455,21
"Turkish","dress","Active_minus_Passive",70,NA,NA,-0.114286,0.143229,-0.797921,0.427654,0.999455,22
"Turkish","hold","Active_minus_Passive",70,NA,NA,-0.114286,0.137326,-0.832224,0.408153,0.999455,23
"Turkish","lead","Active_minus_Passive",70,NA,NA,0.114286,0.137326,0.832224,0.408153,0.999455,24
"Turkish","amuse","Active_minus_Passive",70,NA,NA,0.1,0.113572,0.8805,0.381645,0.999455,25
"Turkish","disturb","Active_minus_Passive",70,NA,NA,-0.1,0.1,-1,0.320805,0.999455,26
"Turkish","drop","Active_minus_Passive",70,NA,NA,-0.1,0.164247,-0.608837,0.544632,0.999455,27
"Turkish","know","Active_minus_Passive",70,NA,NA,0.1,0.251826,0.3971,0.692519,0.999455,28
"Turkish","remember","Active_minus_Passive",70,NA,NA,-0.1,0.120644,-0.828888,0.410026,0.999455,29
"Turkish","entertain","Active_minus_Passive",70,NA,NA,0.0857143,0.107181,0.799717,0.42662,0.999455,30
"Turkish","follow","Active_minus_Passive",70,NA,NA,0.0857143,0.10122,0.846812,0.400028,0.999455,31
"Turkish","kick","Active_minus_Passive",70,NA,NA,-0.0857143,0.134584,-0.636881,0.52631,0.999455,32
"Turkish","pat","Active_minus_Passive",70,NA,NA,-0.0857143,0.178263,-0.480831,0.632158,0.999455,33
"Turkish","see","Active_minus_Passive",70,NA,NA,-0.0857143,0.119943,-0.714626,0.477251,0.999455,34
"Turkish","bother","Active_minus_Passive",70,NA,NA,0.0714286,0.106364,0.671551,0.504112,0.999455,35
"Turkish","distract","Active_minus_Passive",70,NA,NA,0.0714286,0.149978,0.476261,0.635393,0.999455,36
"Turkish","eat","Active_minus_Passive",70,NA,NA,-0.0714286,0.184628,-0.386878,0.700037,0.999455,37
"Turkish","like","Active_minus_Passive",70,NA,NA,-0.0714286,0.115688,-0.617426,0.538986,0.999455,38
"Turkish","lookat","Active_minus_Passive",70,NA,NA,0.0714286,0.133935,0.533309,0.595533,0.999455,39
"Turkish","push","Active_minus_Passive",70,NA,NA,0.0714286,0.122637,0.582437,0.562171,0.999455,40
"Turkish","shake","Active_minus_Passive",70,NA,NA,0.0714286,0.147191,0.485278,0.629016,0.999455,41
"Turkish","spyon","Active_minus_Passive",70,NA,NA,-0.0714286,0.120937,-0.590624,0.556702,0.999455,42
"Turkish","surprise","Active_minus_Passive",70,NA,NA,0.0714286,0.151352,0.471937,0.638461,0.999455,43
"Turkish","terrify","Active_minus_Passive",70,NA,NA,-0.0714286,0.129214,-0.552793,0.582192,0.999455,44
"Turkish","wash","Active_minus_Passive",70,NA,NA,-0.0714286,0.130806,-0.546063,0.586784,0.999455,45
"Turkish","bite","Active_minus_Passive",70,NA,NA,-0.0571429,0.146577,-0.389849,0.697849,0.999455,46
"Turkish","hate","Active_minus_Passive",70,NA,NA,-0.0571429,0.156152,-0.365945,0.715526,0.999455,47
"Turkish","shock","Active_minus_Passive",70,NA,NA,-0.0571429,0.118454,-0.482405,0.631045,0.999455,48
"Turkish","smell","Active_minus_Passive",70,NA,NA,-0.0571429,0.131697,-0.433898,0.665716,0.999455,49
"Turkish","love","Active_minus_Passive",70,NA,NA,-0.0428571,0.154217,-0.277901,0.781919,0.999455,50
"Turkish","pull","Active_minus_Passive",70,NA,NA,-0.0428571,0.110402,-0.38819,0.69907,0.999455,51
"Turkish","recognize","Active_minus_Passive",70,NA,NA,-0.0428571,0.143074,-0.299545,0.765425,0.999455,52
"Turkish","scare","Active_minus_Passive",70,NA,NA,0.0428571,0.112262,0.38176,0.703813,0.999455,53
"Turkish","chase","Active_minus_Passive",70,NA,NA,-0.0285714,0.136461,-0.209374,0.834773,0.999455,54
"Turkish","disgust","Active_minus_Passive",70,NA,NA,0.0285714,0.164022,0.174192,0.862224,0.999455,55
"Turkish","teach","Active_minus_Passive",70,NA,NA,0.0285714,0.130251,0.219356,0.82702,0.999455,56
"Turkish","worry","Active_minus_Passive",70,NA,NA,0.0285714,0.177364,0.161089,0.872494,0.999455,57
"Turkish","anger","Active_minus_Passive",70,NA,NA,-0.0142857,0.11951,-0.119535,0.905199,0.999455,58
"Turkish","astonish","Active_minus_Passive",70,NA,NA,-0.0142857,0.162145,-0.0881045,0.930049,0.999455,59
"Turkish","call","Active_minus_Passive",70,NA,NA,-0.0142857,0.140235,-0.10187,0.919155,0.999455,60
"Turkish","carry","Active_minus_Passive",70,NA,NA,0.0142857,0.121231,0.117839,0.906537,0.999455,61
"Turkish","dislike","Active_minus_Passive",70,NA,NA,0.0142857,0.112367,0.127134,0.899204,0.999455,62
"Turkish","enrage","Active_minus_Passive",70,NA,NA,-0.0142857,0.151586,-0.0942415,0.92519,0.999455,63
"Turkish","envy","Active_minus_Passive",70,NA,NA,0.0142857,0.13725,0.104085,0.917404,0.999455,64
"Turkish","please","Active_minus_Passive",70,NA,NA,0.0142857,0.154294,0.0925878,0.926499,0.999455,65
"Turkish","provoke","Active_minus_Passive",70,NA,NA,0.0142857,0.141703,0.100814,0.91999,0.999455,66
"Turkish","threaten","Active_minus_Passive",70,NA,NA,0.0142857,0.117765,0.121307,0.903801,0.999455,67
"Turkish","admire","Active_minus_Passive",70,NA,NA,0,0.115111,0,1,1,68
"Turkish","calm","Active_minus_Passive",70,NA,NA,0,0.09759,0,1,1,69
"Turkish","fascinate","Active_minus_Passive",70,NA,NA,0,0.118654,0,1,1,70
"Turkish","irritate","Active_minus_Passive",70,NA,NA,0,0.138013,0,1,1,71
"Turkish","notice","Active_minus_Passive",70,NA,NA,0,0.146738,0,1,1,72
"Turkish","terrify","All",210,6.39524,6.18571,-0.209524,0.0822309,-2.54799,0.0115528,0.182714,1
"Turkish","squash","All",210,6.06667,5.88095,-0.185714,0.0726664,-2.55571,0.0113075,0.182714,2
"Turkish","scold","All",210,6.31429,6.47143,0.157143,0.0580331,2.70782,0.0073335,0.182714,3
"Turkish","listento","All",210,6.17619,6.32381,0.147619,0.0581526,2.53848,0.0118619,0.182714,4
"Turkish","teach","All",210,6.25238,6.4,0.147619,0.0749305,1.97008,0.0501498,0.34386,5
"Turkish","dress","All",210,6.29524,6.4381,0.142857,0.056823,2.51407,0.0126885,0.182714,6
"Turkish","hug","All",210,6.24286,6.10952,-0.133333,0.0665298,-2.00411,0.0463487,0.34386,7
"Turkish","find","All",210,6.45238,6.32857,-0.12381,0.0612732,-2.02061,0.0445956,0.34386,8
"Turkish","disgust","All",210,6.0619,5.94286,-0.119048,0.0678451,-1.7547,0.0807765,0.386224,9
"Turkish","enrage","All",210,6.32857,6.20952,-0.119048,0.0629682,-1.8906,0.0600616,0.36037,10
"Turkish","kick","All",210,6.24762,6.35714,0.109524,0.0634112,1.7272,0.0856093,0.386224,11
"Turkish","surprise","All",210,6.35714,6.24762,-0.109524,0.056171,-1.94983,0.0525342,0.34386,12
"Turkish","bother","All",210,6.48571,6.38095,-0.104762,0.0508966,-2.05833,0.0407989,0.34386,13
"Turkish","threaten","All",210,6.38095,6.48571,0.104762,0.0584011,1.79383,0.0742852,0.386224,14
"Turkish","watch","All",210,6.22857,6.33333,0.104762,0.0606968,1.72599,0.0858276,0.386224,15
"Turkish","know","All",210,5.04762,5.14762,0.1,0.097695,1.02359,0.307211,0.762538,16
"Turkish","bite","All",210,6.17619,6.27143,0.0952381,0.0629812,1.51217,0.132002,0.500217,17
"Turkish","calm","All",210,6.5381,6.44286,-0.0952381,0.047276,-2.01451,0.0452374,0.34386,18
"Turkish","cheerup","All",210,6.28571,6.38095,0.0952381,0.0629812,1.51217,0.132002,0.500217,19
"Turkish","worry","All",210,6.06667,6.15714,0.0904762,0.0732168,1.23573,0.217946,0.653838,20
"Turkish","entertain","All",210,6.37143,6.28571,-0.0857143,0.0519515,-1.64989,0.100467,0.425508,21
"Turkish","miss","All",210,5.99524,6.08095,0.0857143,0.0776238,1.10423,0.270764,0.722038,22
"Turkish","distract","All",210,6.22381,6.30476,0.0809524,0.068779,1.17699,0.240537,0.690941,23
"Turkish","frighten","All",210,6.44762,6.36667,-0.0809524,0.0572045,-1.41514,0.158516,0.570657,24
"Turkish","amuse","All",210,6.37619,6.3,-0.0761905,0.0574345,-1.32656,0.186101,0.609058,25
"Turkish","envy","All",210,6.21905,6.14286,-0.0761905,0.0612732,-1.24345,0.215093,0.653838,26
"Turkish","irritate","All",210,6.32381,6.25238,-0.0714286,0.0522731,-1.36645,0.173266,0.594056,27
"Turkish","shock","All",210,6.24762,6.31905,0.0714286,0.0618557,1.15476,0.249507,0.690941,28
"Turkish","hate","All",210,6.11905,6.05238,-0.0666667,0.0738035,-0.9033,0.367407,0.762538,29
"Turkish","pat","All",210,6.18095,6.11429,-0.0666667,0.0753312,-0.884981,0.377184,0.762538,30
"Turkish","observe","All",210,6.27143,6.33333,0.0619048,0.0573182,1.08002,0.281378,0.723545,31
"Turkish","eat","All",210,5.5619,5.61905,0.0571429,0.0879262,0.649896,0.516473,0.849489,32
"Turkish","lookat","All",210,6.13333,6.19048,0.0571429,0.0617424,0.925504,0.355771,0.762538,33
"Turkish","please","All",210,6.30476,6.24762,-0.0571429,0.0575402,-0.993095,0.321812,0.762538,34
"Turkish","pull","All",210,6.25238,6.30952,0.0571429,0.0594871,0.960592,0.337867,0.762538,35
"Turkish","anger","All",210,6.38095,6.32857,-0.052381,0.0648225,-0.808068,0.41997,0.81724,36
"Turkish","call","All",210,6.42857,6.37619,-0.052381,0.0596992,-0.877414,0.381269,0.762538,37
"Turkish","lead","All",210,6.5619,6.50952,-0.052381,0.0573636,-0.913139,0.362222,0.762538,38
"Turkish","want","All",210,5.71905,5.77143,0.052381,0.0779119,0.67231,0.502129,0.849489,39
"Turkish","forget","All",210,5.86667,5.91429,0.047619,0.0732546,0.650049,0.516374,0.849489,40
"Turkish","annoy","All",210,6.31429,6.35714,0.0428571,0.0612422,0.699797,0.484832,0.849489,41
"Turkish","push","All",210,6.4381,6.39524,-0.0428571,0.0619818,-0.691447,0.490052,0.849489,42
"Turkish","cut","All",210,6.03333,6.07143,0.0380952,0.0704274,0.540915,0.589142,0.896176,43
"Turkish","ignore","All",210,6.34762,6.30952,-0.0380952,0.0599413,-0.635542,0.52577,0.849489,44
"Turkish","slap","All",210,6.22857,6.26667,0.0380952,0.0606968,0.627632,0.53093,0.849489,45
"Turkish","carry","All",210,6.39524,6.3619,-0.0333333,0.052888,-0.630262,0.529212,0.849489,46
"Turkish","love","All",210,6.18571,6.21905,0.0333333,0.0652329,0.510989,0.609898,0.896176,47
"Turkish","spyon","All",210,6.41905,6.44762,0.0285714,0.0531163,0.537903,0.591216,0.896176,48
"Turkish","chase","All",210,6.5,6.47619,-0.0238095,0.058632,-0.406084,0.685096,0.940242,49
"Turkish","fascinate","All",210,6.38571,6.40952,0.0238095,0.058632,0.406084,0.685096,0.940242,50
"Turkish","hear","All",210,6.24762,6.27143,0.0238095,0.0562521,0.423265,0.672537,0.940242,51
"Turkish","kiss","All",210,6.45238,6.42857,-0.0238095,0.0455044,-0.523235,0.601365,0.896176,52
"Turkish","disturb","All",210,6.34762,6.36667,0.0190476,0.0584457,0.325903,0.744824,0.940242,53
"Turkish","follow","All",210,6.44286,6.42381,-0.0190476,0.0539875,-0.352816,0.724582,0.940242,54
"Turkish","hold","All",210,6.3,6.28095,-0.0190476,0.054825,-0.347426,0.728621,0.940242,55
"Turkish","notice","All",210,6.39524,6.41429,0.0190476,0.0572642,0.332627,0.739749,0.940242,56
"Turkish","remember","All",210,6.16667,6.18571,0.0190476,0.0518344,0.367471,0.71364,0.940242,57
"Turkish","see","All",210,6.18571,6.16667,-0.0190476,0.0640268,-0.297495,0.766384,0.940242,58
"Turkish","admire","All",210,6.42381,6.4381,0.0142857,0.0489016,0.292132,0.770476,0.940242,59
"Turkish","drop","All",210,6.3381,6.35238,0.0142857,0.0605581,0.235901,0.813741,0.9561,60
"Turkish","like","All",210,6.29524,6.28095,-0.0142857,0.056671,-0.252082,0.801226,0.9561,61
"Turkish","recognize","All",210,6.28571,6.27143,-0.0142857,0.0676658,-0.211122,0.832998,0.9561,62
"Turkish","sense","All",210,5.94762,5.93333,-0.0142857,0.0819779,-0.174263,0.861827,0.9561,63
"Turkish","smell","All",210,6.19524,6.18571,-0.00952381,0.0611243,-0.155811,0.876333,0.9561,64
"Turkish","wash","All",210,6.40952,6.41905,0.00952381,0.0486737,0.195667,0.845061,0.9561,65
"Turkish","astonish","All",210,6.20952,6.21429,0.0047619,0.057872,0.0822833,0.9345,0.9561,66
"Turkish","comfort","All",210,6.39048,6.38571,-0.0047619,0.0533659,-0.0892312,0.928984,0.9561,67
"Turkish","dislike","All",210,6.30952,6.31429,0.0047619,0.0546317,0.0871637,0.930625,0.9561,68
"Turkish","inspect","All",210,6.57619,6.57143,-0.0047619,0.0498335,-0.0955564,0.923964,0.9561,69
"Turkish","provoke","All",210,6.37143,6.36667,-0.0047619,0.0566786,-0.0840159,0.933124,0.9561,70
"Turkish","shake","All",210,6.27619,6.27143,-0.0047619,0.0663118,-0.0718109,0.942821,0.9561,71
"Turkish","scare","All",210,6.45714,6.45714,0,0.0472531,0,1,1,72
"Turkish","sense","Passive",70,5.51429,5.15714,-0.357143,0.139558,-2.5591,0.0126907,0.456866,1
"Turkish","hug","Passive",70,6.05714,5.77143,-0.285714,0.109852,-2.6009,0.0113667,0.456866,2
"Turkish","frighten","Passive",70,6.17143,5.92857,-0.242857,0.12283,-1.97718,0.0520183,0.745899,3
"Turkish","bother","Passive",70,6.28571,6.05714,-0.228571,0.104101,-2.19567,0.0314809,0.745899,4
"Turkish","cheerup","Passive",70,5.82857,6.04286,0.214286,0.131708,1.62698,0.1083,0.745899,5
"Turkish","scold","Passive",70,6.14286,6.35714,0.214286,0.120201,1.78272,0.0790304,0.745899,6
"Turkish","watch","Passive",70,5.75714,5.97143,0.214286,0.113102,1.89462,0.0623335,0.745899,7
"Turkish","disgust","Passive",70,5.44286,5.24286,-0.2,0.134365,-1.48849,0.141179,0.781913,8
"Turkish","dress","Passive",70,5.77143,5.97143,0.2,0.123107,1.62461,0.108806,0.745899,9
"Turkish","listento","Passive",70,5.7,5.9,0.2,0.116185,1.72139,0.0896607,0.745899,10
"Turkish","find","Passive",70,6.05714,5.88571,-0.171429,0.134936,-1.27045,0.208193,0.832771,11
"Turkish","amuse","Passive",70,6,5.84286,-0.157143,0.121474,-1.29363,0.200107,0.832771,12
"Turkish","enrage","Passive",70,5.88571,5.72857,-0.157143,0.135951,-1.15588,0.251718,0.844102,13
"Turkish","kiss","Passive",70,6.17143,6.01429,-0.157143,0.101001,-1.55586,0.124316,0.745899,14
"Turkish","lead","Passive",70,6.3,6.14286,-0.157143,0.129717,-1.21143,0.229862,0.844102,15
"Turkish","miss","Passive",70,5.6,5.44286,-0.157143,0.15582,-1.00849,0.316742,0.844102,16
"Turkish","surprise","Passive",70,6.04286,5.88571,-0.157143,0.11263,-1.39521,0.167428,0.832771,17
"Turkish","cut","Passive",70,5.62857,5.48571,-0.142857,0.138441,-1.0319,0.305723,0.844102,18
"Turkish","slap","Passive",70,6,5.85714,-0.142857,0.110121,-1.29728,0.198857,0.832771,19
"Turkish","want","Passive",70,5.21429,5.35714,0.142857,0.142857,1,0.320805,0.844102,20
"Turkish","bite","Passive",70,5.85714,5.98571,0.128571,0.118516,1.08484,0.281768,0.844102,21
"Turkish","calm","Passive",70,6.28571,6.15714,-0.128571,0.0786044,-1.63568,0.106461,0.745899,22
"Turkish","carry","Passive",70,6.04286,5.91429,-0.128571,0.0995256,-1.29184,0.200722,0.832771,23
"Turkish","envy","Passive",70,5.84286,5.71429,-0.128571,0.134859,-0.953377,0.343727,0.844102,24
"Turkish","pat","Passive",70,5.91429,5.78571,-0.128571,0.148033,-0.868535,0.388113,0.844102,25
"Turkish","terrify","Passive",70,6.01429,5.88571,-0.128571,0.152171,-0.844917,0.401078,0.844102,26
"Turkish","annoy","Passive",70,5.84286,5.95714,0.114286,0.108715,1.05124,0.296816,0.844102,27
"Turkish","hear","Passive",70,5.68571,5.8,0.114286,0.114286,1,0.320805,0.844102,28
"Turkish","inspect","Passive",70,6.27143,6.38571,0.114286,0.0720675,1.58581,0.117354,0.745899,29
"Turkish","squash","Passive",70,5.67143,5.55714,-0.114286,0.126332,-0.904646,0.368801,0.844102,30
"Turkish","call","Passive",70,6.08571,5.98571,-0.1,0.120644,-0.828888,0.410026,0.844102,31
"Turkish","know","Passive",70,4.71429,4.81429,0.1,0.155173,0.644442,0.521426,0.85282,32
"Turkish","observe","Passive",70,6.17143,6.07143,-0.1,0.0935829,-1.06857,0.288987,0.844102,33
"Turkish","please","Passive",70,5.91429,5.81429,-0.1,0.125687,-0.79563,0.428976,0.844102,34
"Turkish","see","Passive",70,5.64286,5.74286,0.1,0.113572,0.8805,0.381645,0.844102,35
"Turkish","anger","Passive",70,5.97143,5.88571,-0.0857143,0.114647,-0.747634,0.457222,0.844102,36
"Turkish","drop","Passive",70,5.85714,5.94286,0.0857143,0.131472,0.65196,0.516593,0.85282,37
"Turkish","entertain","Passive",70,6.02857,5.94286,-0.0857143,0.105231,-0.814531,0.418143,0.844102,38
"Turkish","irritate","Passive",70,5.81429,5.72857,-0.0857143,0.119943,-0.714626,0.477251,0.848996,39
"Turkish","kick","Passive",70,6.05714,6.14286,0.0857143,0.112827,0.759696,0.450024,0.844102,40
"Turkish","lookat","Passive",70,5.85714,5.94286,0.0857143,0.112827,0.759696,0.450024,0.844102,41
"Turkish","push","Passive",70,6.12857,6.04286,-0.0857143,0.121657,-0.704559,0.483456,0.848996,42
"Turkish","worry","Passive",70,5.45714,5.54286,0.0857143,0.144954,0.591322,0.556237,0.85282,43
"Turkish","chase","Passive",70,6.32857,6.25714,-0.0714286,0.120937,-0.590624,0.556702,0.85282,44
"Turkish","comfort","Passive",70,5.91429,5.98571,0.0714286,0.119213,0.599167,0.551024,0.85282,45
"Turkish","follow","Passive",70,6.25714,6.18571,-0.0714286,0.0871006,-0.82007,0.415,0.844102,46
"Turkish","remember","Passive",70,5.7,5.77143,0.0714286,0.115688,0.617426,0.538986,0.85282,47
"Turkish","hate","Passive",70,5.58571,5.64286,0.0571429,0.152122,0.375639,0.708338,0.955406,48
"Turkish","ignore","Passive",70,6.07143,6.12857,0.0571429,0.120189,0.475441,0.635974,0.953961,49
"Turkish","love","Passive",70,5.94286,6,0.0571429,0.133259,0.428809,0.669398,0.955406,50
"Turkish","forget","Passive",70,5.57143,5.52857,-0.0428571,0.150136,-0.285456,0.77615,0.955406,51
"Turkish","pull","Passive",70,5.9,5.94286,0.0428571,0.09851,0.435054,0.664881,0.955406,52
"Turkish","shake","Passive",70,5.94286,5.9,-0.0428571,0.121133,-0.353803,0.724566,0.955406,53
"Turkish","admire","Passive",70,6.24286,6.27143,0.0285714,0.10568,0.270358,0.787692,0.955406,54
"Turkish","astonish","Passive",70,5.82857,5.8,-0.0285714,0.139463,-0.204868,0.838279,0.958033,55
"Turkish","dislike","Passive",70,5.91429,5.94286,0.0285714,0.10568,0.270358,0.787692,0.955406,56
"Turkish","disturb","Passive",70,6.04286,6.07143,0.0285714,0.101686,0.280976,0.77957,0.955406,57
"Turkish","fascinate","Passive",70,6.05714,6.08571,0.0285714,0.115059,0.248319,0.804625,0.955406,58
"Turkish","hold","Passive",70,5.84286,5.87143,0.0285714,0.127032,0.224914,0.822711,0.955406,59
"Turkish","scare","Passive",70,6.08571,6.05714,-0.0285714,0.101686,-0.280976,0.77957,0.955406,60
"Turkish","shock","Passive",70,5.84286,5.87143,0.0285714,0.12373,0.230918,0.818062,0.955406,61
"Turkish","spyon","Passive",70,6.24286,6.27143,0.0285714,0.0953829,0.299545,0.765425,0.955406,62
"Turkish","wash","Passive",70,6.02857,6.05714,0.0285714,0.10568,0.270358,0.787692,0.955406,63
"Turkish","distract","Passive",70,5.82857,5.81429,-0.0142857,0.13725,-0.104085,0.917404,0.985867,64
"Turkish","eat","Passive",70,5.12857,5.14286,0.0142857,0.13725,0.104085,0.917404,0.985867,65
"Turkish","like","Passive",70,6.1,6.08571,-0.0142857,0.112367,-0.127134,0.899204,0.985867,66
"Turkish","teach","Passive",70,6.01429,6.02857,0.0142857,0.121231,0.117839,0.906537,0.985867,67
"Turkish","notice","Passive",70,6.1,6.1,0,0.138013,0,1,1,68
"Turkish","provoke","Passive",70,6.1,6.1,0,0.113298,0,1,1,69
"Turkish","recognize","Passive",70,5.9,5.9,0,0.116896,0,1,1,70
"Turkish","smell","Passive",70,5.8,5.8,0,0.101745,0,1,1,71
"Turkish","threaten","Passive",70,6.28571,6.28571,0,0.107676,0,1,1,72
"Turkish","miss","Pseudo_Passive",70,5.5,5.88571,0.385714,0.158006,2.44113,0.0172109,0.581542,1
"Turkish","teach","Pseudo_Passive",70,5.92857,6.31429,0.385714,0.17421,2.21408,0.0301302,0.581542,2
"Turkish","terrify","Pseudo_Passive",70,6.37143,6.07143,-0.3,0.145818,-2.05736,0.0434333,0.581542,3
"Turkish","threaten","Pseudo_Passive",70,6.01429,6.31429,0.3,0.130852,2.29267,0.0249204,0.581542,4
"Turkish","sense","Pseudo_Passive",70,5.67143,5.94286,0.271429,0.167705,1.61849,0.110119,0.60989,5
"Turkish","hate","Pseudo_Passive",70,6.01429,5.75714,-0.257143,0.121559,-2.11537,0.0380111,0.581542,6
"Turkish","kick","Pseudo_Passive",70,5.88571,6.12857,0.242857,0.135646,1.79037,0.0777809,0.581542,7
"Turkish","cut","Pseudo_Passive",70,5.94286,6.17143,0.228571,0.128973,1.77224,0.0807697,0.581542,8
"Turkish","eat","Pseudo_Passive",70,5.3,5.51429,0.214286,0.180742,1.18559,0.239853,0.826961,9
"Turkish","scold","Pseudo_Passive",70,5.97143,6.18571,0.214286,0.10938,1.9591,0.0541431,0.581542,10
"Turkish","shock","Pseudo_Passive",70,6.07143,6.28571,0.214286,0.118466,1.80883,0.0748341,0.581542,11
"Turkish","distract","Pseudo_Passive",70,6.07143,6.27143,0.2,0.12966,1.5425,0.127526,0.655848,12
"Turkish","observe","Pseudo_Passive",70,5.94286,6.14286,0.2,0.11071,1.80652,0.0751977,0.581542,13
"Turkish","slap","Pseudo_Passive",70,5.98571,6.17143,0.185714,0.132335,1.40336,0.164993,0.742467,14
"Turkish","entertain","Pseudo_Passive",70,6.22857,6.05714,-0.171429,0.103703,-1.65308,0.102858,0.60989,15
"Turkish","listento","Pseudo_Passive",70,5.94286,6.11429,0.171429,0.122045,1.40463,0.164616,0.742467,16
"Turkish","see","Pseudo_Passive",70,6.04286,5.87143,-0.171429,0.14528,-1.17999,0.242056,0.826961,17
"Turkish","find","Pseudo_Passive",70,6.34286,6.18571,-0.157143,0.121474,-1.29363,0.200107,0.800427,18
"Turkish","carry","Pseudo_Passive",70,6.18571,6.32857,0.142857,0.106294,1.34398,0.183357,0.776573,19
"Turkish","dress","Pseudo_Passive",70,6.3,6.44286,0.142857,0.0870157,1.64174,0.105194,0.60989,20
"Turkish","pat","Pseudo_Passive",70,5.77143,5.91429,0.142857,0.156681,0.91177,0.365064,0.938736,21
"Turkish","pull","Pseudo_Passive",70,6.05714,6.18571,0.128571,0.137895,0.932385,0.354389,0.938736,22
"Turkish","squash","Pseudo_Passive",70,5.9,5.77143,-0.128571,0.116756,-1.10119,0.274639,0.85974,23
"Turkish","watch","Pseudo_Passive",70,6.01429,6.14286,0.128571,0.11131,1.15508,0.252042,0.826961,24
"Turkish","chase","Pseudo_Passive",70,6.2,6.3,0.1,0.117161,0.853526,0.396321,0.983969,25
"Turkish","disturb","Pseudo_Passive",70,6.15714,6.25714,0.1,0.136732,0.731357,0.467037,1,26
"Turkish","kiss","Pseudo_Passive",70,6.2,6.3,0.1,0.0866921,1.15351,0.252682,0.826961,27
"Turkish","spyon","Pseudo_Passive",70,6.14286,6.24286,0.1,0.102049,0.979918,0.33055,0.938736,28
"Turkish","astonish","Pseudo_Passive",70,5.97143,6.05714,0.0857143,0.0832638,1.02943,0.306873,0.920618,29
"Turkish","bite","Pseudo_Passive",70,5.97143,6.05714,0.0857143,0.112827,0.759696,0.450024,1,30
"Turkish","ignore","Pseudo_Passive",70,6.08571,6,-0.0857143,0.116439,-0.736128,0.464148,1,31
"Turkish","surprise","Pseudo_Passive",70,6.17143,6.08571,-0.0857143,0.0926778,-0.924863,0.35826,0.938736,32
"Turkish","annoy","Pseudo_Passive",70,6.2,6.27143,0.0714286,0.136991,0.521409,0.603751,1,33
"Turkish","bother","Pseudo_Passive",70,6.24286,6.31429,0.0714286,0.089446,0.798566,0.427282,1,34
"Turkish","lookat","Pseudo_Passive",70,5.82857,5.75714,-0.0714286,0.122637,-0.582437,0.562171,1,35
"Turkish","want","Pseudo_Passive",70,5.42857,5.5,0.0714286,0.138494,0.51575,0.607677,1,36
"Turkish","worry","Pseudo_Passive",70,6.04286,6.11429,0.0714286,0.127602,0.559778,0.577444,1,37
"Turkish","call","Pseudo_Passive",70,6.24286,6.3,0.0571429,0.111243,0.513675,0.60912,1,38
"Turkish","cheerup","Pseudo_Passive",70,6.18571,6.24286,0.0571429,0.12525,0.456229,0.649658,1,39
"Turkish","dislike","Pseudo_Passive",70,6.15714,6.1,-0.0571429,0.105512,-0.541576,0.589855,1,40
"Turkish","frighten","Pseudo_Passive",70,6.31429,6.37143,0.0571429,0.0973472,0.587,0.559119,1,41
"Turkish","like","Pseudo_Passive",70,5.81429,5.87143,0.0571429,0.1219,0.46877,0.640712,1,42
"Turkish","notice","Pseudo_Passive",70,6.21429,6.27143,0.0571429,0.0907428,0.629724,0.530955,1,43
"Turkish","irritate","Pseudo_Passive",70,6.25714,6.21429,-0.0428571,0.0919891,-0.465894,0.642759,1,44
"Turkish","lead","Pseudo_Passive",70,6.42857,6.47143,0.0428571,0.104625,0.409625,0.68335,1,45
"Turkish","wash","Pseudo_Passive",70,6.32857,6.37143,0.0428571,0.0745885,0.574581,0.567443,1,46
"Turkish","anger","Pseudo_Passive",70,6.24286,6.27143,0.0285714,0.152239,0.187675,0.851682,1,47
"Turkish","calm","Pseudo_Passive",70,6.41429,6.38571,-0.0285714,0.107621,-0.265481,0.791431,1,48
"Turkish","drop","Pseudo_Passive",70,6.27143,6.24286,-0.0285714,0.111403,-0.25647,0.798351,1,49
"Turkish","enrage","Pseudo_Passive",70,6.22857,6.2,-0.0285714,0.093187,-0.306603,0.760069,1,50
"Turkish","hear","Pseudo_Passive",70,6.17143,6.14286,-0.0285714,0.115059,-0.248319,0.804625,1,51
"Turkish","inspect","Pseudo_Passive",70,6.47143,6.44286,-0.0285714,0.111403,-0.25647,0.798351,1,52
"Turkish","love","Pseudo_Passive",70,5.78571,5.81429,0.0285714,0.127032,0.224914,0.822711,1,53
"Turkish","provoke","Pseudo_Passive",70,6.2,6.17143,-0.0285714,0.116845,-0.244524,0.807551,1,54
"Turkish","push","Pseudo_Passive",70,6.31429,6.28571,-0.0285714,0.130251,-0.219356,0.82702,1,55
"Turkish","smell","Pseudo_Passive",70,5.94286,5.97143,0.0285714,0.136461,0.209374,0.834773,1,56
"Turkish","admire","Pseudo_Passive",70,6.1,6.08571,-0.0142857,0.0986301,-0.144841,0.885258,1,57
"Turkish","amuse","Pseudo_Passive",70,6.22857,6.21429,-0.0142857,0.11051,-0.129271,0.897519,1,58
"Turkish","disgust","Pseudo_Passive",70,6.08571,6.1,0.0142857,0.11951,0.119535,0.905199,1,59
"Turkish","envy","Pseudo_Passive",70,5.94286,5.95714,0.0142857,0.114195,0.125099,0.900809,1,60
"Turkish","fascinate","Pseudo_Passive",70,6.21429,6.22857,0.0142857,0.122926,0.116214,0.907821,1,61
"Turkish","hug","Pseudo_Passive",70,5.94286,5.95714,0.0142857,0.129488,0.110324,0.912472,1,62
"Turkish","please","Pseudo_Passive",70,6.14286,6.15714,0.0142857,0.100707,0.141854,0.887609,1,63
"Turkish","remember","Pseudo_Passive",70,5.9,5.91429,0.0142857,0.0943384,0.151431,0.880078,1,64
"Turkish","scare","Pseudo_Passive",70,6.37143,6.38571,0.0142857,0.0921176,0.155081,0.87721,1,65
"Turkish","comfort","Pseudo_Passive",70,6.31429,6.31429,0,0.09759,0,1,1,66
"Turkish","follow","Pseudo_Passive",70,6.15714,6.15714,0,0.130297,0,1,1,67
"Turkish","forget","Pseudo_Passive",70,5.55714,5.55714,0,0.136505,0,1,1,68
"Turkish","hold","Pseudo_Passive",70,6.18571,6.18571,0,0.0954449,0,1,1,69
"Turkish","know","Pseudo_Passive",70,4.87143,4.87143,0,0.175048,0,1,1,70
"Turkish","recognize","Pseudo_Passive",70,6.05714,6.05714,0,0.152277,0,1,1,71
"Turkish","shake","Pseudo_Passive",70,6.1,6.1,0,0.123778,0,1,1,72
"Norwegian","disgust","Active",57,5.21053,5.57895,0.368421,0.228912,1.60944,0.113143,0.781374,1
"Norwegian","worry","Active",57,5.36842,5.05263,-0.315789,0.224108,-1.4091,0.164335,0.903844,2
"Norwegian","amaze","Active",57,6.01754,6.31579,0.298246,0.127549,2.33828,0.0229691,0.35806,3
"Norwegian","miss","Active",57,6.4386,6.14035,-0.298246,0.1031,-2.89278,0.00542971,0.267894,4
"Norwegian","drop","Active",57,5.87719,5.63158,-0.245614,0.154872,-1.58591,0.11839,0.781374,5
"Norwegian","entertain","Active",57,6.17544,6.40351,0.22807,0.169803,1.34315,0.184643,0.912595,6
"Norwegian","forget","Active",57,6.12281,6.35088,0.22807,0.152296,1.49755,0.139866,0.839197,7
"Norwegian","kiss","Active",57,6.52632,6.75439,0.22807,0.0830856,2.745,0.00811801,0.267894,8
"Norwegian","shock","Active",57,6.24561,6.45614,0.210526,0.0927742,2.26923,0.0271258,0.35806,9
"Norwegian","see","Active",57,6.33333,6.52632,0.192982,0.0882814,2.18599,0.033013,0.363143,10
"Norwegian","surprise","Active",57,6.63158,6.4386,-0.192982,0.0846584,-2.27954,0.0264656,0.35806,11
"Norwegian","wash","Active",57,6.21053,6.40351,0.192982,0.1511,1.27718,0.206807,0.912595,12
"Norwegian","hug","Active",57,6.59649,6.42105,-0.175439,0.106561,-1.64638,0.105288,0.781374,13
"Norwegian","irritate","Active",57,6.15789,6.33333,0.175439,0.177215,0.989974,0.326445,0.912595,14
"Norwegian","lead","Active",57,6.40351,6.24561,-0.157895,0.138894,-1.1368,0.260464,0.912595,15
"Norwegian","listento","Active",57,6.33333,6.49123,0.157895,0.0962631,1.64024,0.106561,0.781374,16
"Norwegian","lookat","Active",57,6.31579,6.47368,0.157895,0.165641,0.953233,0.344568,0.912595,17
"Norwegian","spot","Active",57,6.22807,6.07018,-0.157895,0.131954,-1.19659,0.236509,0.912595,18
"Norwegian","teach","Active",57,5.89474,5.73684,-0.157895,0.149748,-1.0544,0.296227,0.912595,19
"Norwegian","believe","Active",57,5.7193,5.85965,0.140351,0.176002,0.797441,0.428563,0.912595,20
"Norwegian","hold","Active",57,6.4386,6.29825,-0.140351,0.131119,-1.07041,0.289026,0.912595,21
"Norwegian","push","Active",57,6.29825,6.15789,-0.140351,0.138101,-1.01629,0.31386,0.912595,22
"Norwegian","upset","Active",57,5.77193,5.91228,0.140351,0.172405,0.814077,0.419049,0.912595,23
"Norwegian","carry","Active",57,6.01754,6.14035,0.122807,0.185756,0.661122,0.511245,0.912595,24
"Norwegian","know","Active",57,6.22807,6.35088,0.122807,0.106406,1.15414,0.253345,0.912595,25
"Norwegian","watch","Active",57,6.15789,6.2807,0.122807,0.141754,0.866341,0.39,0.912595,26
"Norwegian","fear","Active",57,6,6.10526,0.105263,0.183403,0.573944,0.568304,0.912595,27
"Norwegian","follow","Active",57,6.47368,6.36842,-0.105263,0.126858,-0.829774,0.41019,0.912595,28
"Norwegian","recognize","Active",57,6.19298,6.29825,0.105263,0.153661,0.685036,0.496147,0.912595,29
"Norwegian","bite","Active",57,5.91228,6,0.0877193,0.166568,0.526628,0.600531,0.912595,30
"Norwegian","call","Active",57,6.2807,6.36842,0.0877193,0.0877193,1,0.321612,0.912595,31
"Norwegian","disturb","Active",57,6.21053,6.29825,0.0877193,0.152836,0.573944,0.568304,0.912595,32
"Norwegian","calm","Active",57,6.24561,6.31579,0.0701754,0.12729,0.551303,0.583619,0.912595,33
"Norwegian","eat","Active",57,5.89474,5.82456,-0.0701754,0.18026,-0.389302,0.698529,0.912595,34
"Norwegian","hear","Active",57,6.33333,6.40351,0.0701754,0.10278,0.682775,0.497564,0.912595,35
"Norwegian","hit","Active",57,6.33333,6.26316,-0.0701754,0.0931879,-0.753053,0.454572,0.912595,36
"Norwegian","shake","Active",57,6.36842,6.29825,-0.0701754,0.0745061,-0.941875,0.350302,0.912595,37
"Norwegian","squash","Active",57,6.12281,6.05263,-0.0701754,0.134471,-0.521862,0.603824,0.912595,38
"Norwegian","trust","Active",57,6.40351,6.47368,0.0701754,0.141288,0.496685,0.621355,0.912595,39
"Norwegian","understand","Active",57,6.45614,6.52632,0.0701754,0.0824881,0.850734,0.39854,0.912595,40
"Norwegian","bother","Active",57,6.33333,6.38596,0.0526316,0.107434,0.489898,0.62612,0.912595,41
"Norwegian","chase","Active",57,5.98246,5.92982,-0.0526316,0.217385,-0.242112,0.809578,0.912595,42
"Norwegian","cut","Active",57,6.07018,6.12281,0.0526316,0.12114,0.43447,0.665617,0.912595,43
"Norwegian","dislike","Active",57,6.22807,6.17544,-0.0526316,0.0634288,-0.829774,0.41019,0.912595,44
"Norwegian","help","Active",57,6.61404,6.66667,0.0526316,0.0768304,0.685036,0.496147,0.912595,45
"Norwegian","impress","Active",57,6.57895,6.52632,-0.0526316,0.12114,-0.43447,0.665617,0.912595,46
"Norwegian","like","Active",57,6.42105,6.47368,0.0526316,0.0726385,0.724569,0.471733,0.912595,47
"Norwegian","admire","Active",57,6.50877,6.47368,-0.0350877,0.114612,-0.306144,0.760631,0.912595,48
"Norwegian","avoid","Active",57,6.35088,6.31579,-0.0350877,0.0935411,-0.375105,0.709,0.912595,49
"Norwegian","cheerup","Active",57,6.49123,6.52632,0.0350877,0.0968324,0.362355,0.718451,0.912595,50
"Norwegian","dress","Active",57,6.35088,6.31579,-0.0350877,0.117314,-0.299093,0.765976,0.912595,51
"Norwegian","ignore","Active",57,6.31579,6.2807,-0.0350877,0.0865841,-0.405244,0.686842,0.912595,52
"Norwegian","kick","Active",57,6.05263,6.08772,0.0350877,0.119954,0.292509,0.770979,0.912595,53
"Norwegian","love","Active",57,6.38596,6.35088,-0.0350877,0.169706,-0.206756,0.83695,0.912595,54
"Norwegian","notice","Active",57,6.47368,6.50877,0.0350877,0.0935411,0.375105,0.709,0.912595,55
"Norwegian","overhear","Active",57,6.35088,6.38596,0.0350877,0.0968324,0.362355,0.718451,0.912595,56
"Norwegian","pat","Active",57,6.12281,6.08772,-0.0350877,0.185578,-0.189073,0.850719,0.912595,57
"Norwegian","please","Active",57,5.01754,4.98246,-0.0350877,0.16785,-0.209043,0.835174,0.912595,58
"Norwegian","remember","Active",57,6.26316,6.29825,0.0350877,0.134716,0.260457,0.795467,0.912595,59
"Norwegian","distract","Active",57,6.42105,6.40351,-0.0175439,0.101651,-0.17259,0.863596,0.912595,60
"Norwegian","provoke","Active",57,6.29825,6.31579,0.0175439,0.0848529,0.206756,0.83695,0.912595,61
"Norwegian","pull","Active",57,6.10526,6.08772,-0.0175439,0.107638,-0.162989,0.871114,0.912595,62
"Norwegian","scare","Active",57,6.40351,6.42105,0.0175439,0.088468,0.198307,0.843523,0.912595,63
"Norwegian","smell","Active",57,5.84211,5.82456,-0.0175439,0.13822,-0.126927,0.899453,0.927561,64
"Norwegian","tease","Active",57,6.15789,6.17544,0.0175439,0.166963,0.105076,0.916691,0.930794,65
"Norwegian","hate","Active",57,6.22807,6.22807,0,0.0791559,0,1,1,66
"Norwegian","disgust","Active_minus_Passive",57,NA,NA,0.77193,0.275364,2.8033,0.00693714,0.457852,1
"Norwegian","call","Active_minus_Passive",57,NA,NA,-0.526316,0.24411,-2.15606,0.0353897,0.585253,2
"Norwegian","upset","Active_minus_Passive",57,NA,NA,0.473684,0.219799,2.15508,0.0354699,0.585253,3
"Norwegian","amaze","Active_minus_Passive",57,NA,NA,0.438596,0.216803,2.02302,0.0478551,0.631687,4
"Norwegian","see","Active_minus_Passive",57,NA,NA,0.403509,0.181989,2.21721,0.0306847,0.585253,5
"Norwegian","listento","Active_minus_Passive",57,NA,NA,0.350877,0.221766,1.5822,0.119236,0.852766,6
"Norwegian","worry","Active_minus_Passive",57,NA,NA,-0.315789,0.286669,-1.10158,0.275356,0.852766,7
"Norwegian","please","Active_minus_Passive",57,NA,NA,0.298246,0.24393,1.22267,0.226576,0.852766,8
"Norwegian","teach","Active_minus_Passive",57,NA,NA,-0.298246,0.204836,-1.45602,0.150971,0.852766,9
"Norwegian","forget","Active_minus_Passive",57,NA,NA,0.280702,0.212035,1.32385,0.190933,0.852766,10
"Norwegian","pat","Active_minus_Passive",57,NA,NA,0.263158,0.23284,1.13021,0.263206,0.852766,11
"Norwegian","bother","Active_minus_Passive",57,NA,NA,0.245614,0.203787,1.20525,0.233176,0.852766,12
"Norwegian","hear","Active_minus_Passive",57,NA,NA,0.245614,0.17572,1.39776,0.167699,0.852766,13
"Norwegian","wash","Active_minus_Passive",57,NA,NA,0.245614,0.133116,1.84512,0.0703103,0.773413,14
"Norwegian","hug","Active_minus_Passive",57,NA,NA,-0.22807,0.192298,-1.18603,0.24062,0.852766,15
"Norwegian","shake","Active_minus_Passive",57,NA,NA,-0.22807,0.177029,-1.28832,0.202932,0.852766,16
"Norwegian","fear","Active_minus_Passive",57,NA,NA,-0.210526,0.305276,-0.689626,0.493277,0.852766,17
"Norwegian","ignore","Active_minus_Passive",57,NA,NA,0.210526,0.147529,1.42701,0.159129,0.852766,18
"Norwegian","recognize","Active_minus_Passive",57,NA,NA,0.210526,0.227684,0.924641,0.35912,0.852766,19
"Norwegian","watch","Active_minus_Passive",57,NA,NA,0.210526,0.333712,0.630862,0.530697,0.852766,20
"Norwegian","drop","Active_minus_Passive",57,NA,NA,0.192982,0.284784,0.677645,0.500787,0.852766,21
"Norwegian","know","Active_minus_Passive",57,NA,NA,0.192982,0.196202,0.983589,0.329548,0.852766,22
"Norwegian","miss","Active_minus_Passive",57,NA,NA,-0.192982,0.176002,-1.09648,0.277561,0.852766,23
"Norwegian","provoke","Active_minus_Passive",57,NA,NA,-0.192982,0.138101,-1.3974,0.167804,0.852766,24
"Norwegian","admire","Active_minus_Passive",57,NA,NA,-0.175439,0.221244,-0.792963,0.431146,0.852766,25
"Norwegian","kick","Active_minus_Passive",57,NA,NA,-0.175439,0.203544,-0.861918,0.392409,0.852766,26
"Norwegian","push","Active_minus_Passive",57,NA,NA,-0.175439,0.158555,-1.10649,0.273247,0.852766,27
"Norwegian","carry","Active_minus_Passive",57,NA,NA,0.157895,0.258671,0.610408,0.544061,0.852766,28
"Norwegian","hold","Active_minus_Passive",57,NA,NA,-0.157895,0.165641,-0.953233,0.344568,0.852766,29
"Norwegian","pull","Active_minus_Passive",57,NA,NA,-0.157895,0.17839,-0.88511,0.379882,0.852766,30
"Norwegian","remember","Active_minus_Passive",57,NA,NA,-0.157895,0.183583,-0.860073,0.393416,0.852766,31
"Norwegian","calm","Active_minus_Passive",57,NA,NA,-0.140351,0.200935,-0.698487,0.487763,0.852766,32
"Norwegian","notice","Active_minus_Passive",57,NA,NA,-0.140351,0.168731,-0.8318,0.409055,0.852766,33
"Norwegian","trust","Active_minus_Passive",57,NA,NA,-0.140351,0.221691,-0.633092,0.529251,0.852766,34
"Norwegian","disturb","Active_minus_Passive",57,NA,NA,-0.122807,0.162357,-0.756402,0.452579,0.852766,35
"Norwegian","hit","Active_minus_Passive",57,NA,NA,-0.122807,0.139526,-0.880172,0.382528,0.852766,36
"Norwegian","lead","Active_minus_Passive",57,NA,NA,-0.122807,0.143947,-0.853142,0.397215,0.852766,37
"Norwegian","like","Active_minus_Passive",57,NA,NA,-0.122807,0.146107,-0.840528,0.404187,0.852766,38
"Norwegian","lookat","Active_minus_Passive",57,NA,NA,0.122807,0.22117,0.555261,0.580928,0.852766,39
"Norwegian","love","Active_minus_Passive",57,NA,NA,-0.122807,0.211022,-0.581964,0.562927,0.852766,40
"Norwegian","smell","Active_minus_Passive",57,NA,NA,0.122807,0.247886,0.495417,0.622244,0.852766,41
"Norwegian","avoid","Active_minus_Passive",57,NA,NA,0.105263,0.199756,0.526959,0.600303,0.852766,42
"Norwegian","believe","Active_minus_Passive",57,NA,NA,0.105263,0.247398,0.425481,0.672116,0.853758,43
"Norwegian","eat","Active_minus_Passive",57,NA,NA,-0.105263,0.204407,-0.514969,0.608601,0.852766,44
"Norwegian","hate","Active_minus_Passive",57,NA,NA,-0.105263,0.169187,-0.622171,0.536355,0.852766,45
"Norwegian","irritate","Active_minus_Passive",57,NA,NA,0.105263,0.185103,0.568672,0.571852,0.852766,46
"Norwegian","distract","Active_minus_Passive",57,NA,NA,0.0877193,0.130741,0.67094,0.505017,0.852766,47
"Norwegian","overhear","Active_minus_Passive",57,NA,NA,-0.0877193,0.152836,-0.573944,0.568304,0.852766,48
"Norwegian","entertain","Active_minus_Passive",57,NA,NA,-0.0701754,0.15197,-0.46177,0.646035,0.852766,49
"Norwegian","help","Active_minus_Passive",57,NA,NA,0.0701754,0.15197,0.46177,0.646035,0.852766,50
"Norwegian","impress","Active_minus_Passive",57,NA,NA,0.0701754,0.18026,0.389302,0.698529,0.853758,51
"Norwegian","bite","Active_minus_Passive",57,NA,NA,0.0526316,0.289132,0.182033,0.856214,0.962501,52
"Norwegian","cheerup","Active_minus_Passive",57,NA,NA,-0.0526316,0.133445,-0.394405,0.69478,0.853758,53
"Norwegian","dislike","Active_minus_Passive",57,NA,NA,-0.0526316,0.104477,-0.503762,0.616405,0.852766,54
"Norwegian","dress","Active_minus_Passive",57,NA,NA,0.0526316,0.163033,0.322829,0.748027,0.881604,55
"Norwegian","shock","Active_minus_Passive",57,NA,NA,-0.0526316,0.146857,-0.358386,0.721402,0.865683,56
"Norwegian","surprise","Active_minus_Passive",57,NA,NA,-0.0526316,0.126206,-0.417029,0.678252,0.853758,57
"Norwegian","cut","Active_minus_Passive",57,NA,NA,0.0350877,0.180442,0.194454,0.846524,0.962501,58
"Norwegian","tease","Active_minus_Passive",57,NA,NA,-0.0350877,0.198625,-0.176654,0.860418,0.962501,59
"Norwegian","kiss","Active_minus_Passive",57,NA,NA,0.0175439,0.116042,0.151186,0.880372,0.96841,60
"Norwegian","spot","Active_minus_Passive",57,NA,NA,-0.0175439,0.197876,-0.0886609,0.929668,0.975086,61
"Norwegian","squash","Active_minus_Passive",57,NA,NA,0.0175439,0.201018,0.0872753,0.930764,0.975086,62
"Norwegian","understand","Active_minus_Passive",57,NA,NA,-0.0175439,0.157302,-0.11153,0.911595,0.975086,63
"Norwegian","chase","Active_minus_Passive",57,NA,NA,0,0.269595,0,1,1,64
"Norwegian","follow","Active_minus_Passive",57,NA,NA,0,0.169771,0,1,1,65
"Norwegian","scare","Active_minus_Passive",57,NA,NA,0,0.130066,0,1,1,66
"Norwegian","call","All",114,5.79825,6.14912,0.350877,0.114865,3.05469,0.00281059,0.0927495,1
"Norwegian","drop","All",114,5.78947,5.44737,-0.342105,0.136965,-2.49776,0.013938,0.153318,2
"Norwegian","entertain","All",114,6.2193,6.48246,0.263158,0.100498,2.61855,0.0100412,0.132544,3
"Norwegian","shock","All",114,6.16667,6.40351,0.236842,0.0819937,2.88854,0.00464,0.10208,4
"Norwegian","kiss","All",114,6.39474,6.61404,0.219298,0.0632391,3.46776,0.000743377,0.0490629,5
"Norwegian","fear","All",114,5.57895,5.78947,0.210526,0.150801,1.39606,0.165434,0.682415,6
"Norwegian","miss","All",114,6.22807,6.02632,-0.201754,0.0917154,-2.19979,0.0298576,0.281514,7
"Norwegian","please","All",114,4.94737,4.76316,-0.184211,0.123705,-1.48911,0.139243,0.665551,8
"Norwegian","pat","All",114,6.11404,5.94737,-0.166667,0.118153,-1.4106,0.161108,0.682415,9
"Norwegian","surprise","All",114,6.60526,6.4386,-0.166667,0.0621968,-2.67966,0.00847093,0.132544,10
"Norwegian","worry","All",114,5.26316,5.10526,-0.157895,0.153911,-1.02588,0.307139,0.77966,11
"Norwegian","disturb","All",114,6.2193,6.36842,0.149123,0.0856335,1.74141,0.0843336,0.646314,12
"Norwegian","spot","All",114,6.15789,6.00877,-0.149123,0.100636,-1.4818,0.141177,0.665551,13
"Norwegian","calm","All",114,6.20175,6.34211,0.140351,0.0923037,1.52053,0.13117,0.665551,14
"Norwegian","ignore","All",114,6.35965,6.2193,-0.140351,0.0815899,-1.7202,0.0881338,0.646314,15
"Norwegian","trust","All",114,6.02632,6.16667,0.140351,0.110662,1.26828,0.207304,0.760114,16
"Norwegian","irritate","All",114,6.18421,6.30702,0.122807,0.108725,1.12952,0.261072,0.777745,17
"Norwegian","kick","All",114,6.09649,6.2193,0.122807,0.0941878,1.30385,0.194934,0.756802,18
"Norwegian","like","All",114,6.2193,6.33333,0.114035,0.071316,1.59901,0.112611,0.665551,19
"Norwegian","provoke","All",114,6.25439,6.36842,0.114035,0.0734608,1.55233,0.123381,0.665551,20
"Norwegian","remember","All",114,6.14035,6.25439,0.114035,0.0938728,1.21478,0.226981,0.777745,21
"Norwegian","follow","All",114,6.35088,6.24561,-0.105263,0.091026,-1.15641,0.249954,0.777745,22
"Norwegian","notice","All",114,6.30702,6.41228,0.105263,0.0999677,1.05297,0.2946,0.777745,23
"Norwegian","lead","All",114,6.38596,6.28947,-0.0964912,0.090685,-1.06403,0.289585,0.777745,24
"Norwegian","lookat","All",114,6.10526,6.20175,0.0964912,0.122065,0.790494,0.430895,0.799581,25
"Norwegian","upset","All",114,5.99123,5.89474,-0.0964912,0.118842,-0.811927,0.418541,0.799581,26
"Norwegian","avoid","All",114,6.20175,6.11404,-0.0877193,0.11044,-0.794268,0.428704,0.799581,27
"Norwegian","believe","All",114,5.81579,5.90351,0.0877193,0.127412,0.688472,0.492567,0.799581,28
"Norwegian","forget","All",114,6.07018,6.15789,0.0877193,0.106139,0.826455,0.410288,0.799581,29
"Norwegian","impress","All",114,6.55263,6.46491,-0.0877193,0.0877193,-1,0.319447,0.780871,30
"Norwegian","amaze","All",114,6.09649,6.17544,0.0789474,0.102101,0.773229,0.441001,0.799581,31
"Norwegian","overhear","All",114,6.24561,6.32456,0.0789474,0.0738675,1.06877,0.287451,0.777745,32
"Norwegian","smell","All",114,5.40351,5.32456,-0.0789474,0.130174,-0.606475,0.545416,0.819302,33
"Norwegian","squash","All",114,6.13158,6.05263,-0.0789474,0.095012,-0.83092,0.407771,0.799581,34
"Norwegian","understand","All",114,6.34211,6.42105,0.0789474,0.0706445,1.11753,0.266138,0.777745,35
"Norwegian","bother","All",114,6.32456,6.25439,-0.0701754,0.0986788,-0.71115,0.478457,0.799581,36
"Norwegian","wash","All",114,6.21053,6.2807,0.0701754,0.10404,0.674505,0.501368,0.799581,37
"Norwegian","bite","All",114,6.01754,6.07895,0.0614035,0.126632,0.484899,0.628687,0.84673,38
"Norwegian","cheerup","All",114,6.42982,6.49123,0.0614035,0.0780975,0.786242,0.433372,0.799581,39
"Norwegian","distract","All",114,6.48246,6.42105,-0.0614035,0.0740149,-0.82961,0.408508,0.799581,40
"Norwegian","dress","All",114,6.36842,6.30702,-0.0614035,0.0780975,-0.786242,0.433372,0.799581,41
"Norwegian","hold","All",114,6.35088,6.28947,-0.0614035,0.101445,-0.605288,0.546201,0.819302,42
"Norwegian","hug","All",114,6.48246,6.42105,-0.0614035,0.0838496,-0.732305,0.465498,0.799581,43
"Norwegian","pull","All",114,6.07895,6.14035,0.0614035,0.0926461,0.662775,0.508825,0.799581,44
"Norwegian","admire","All",114,6.34211,6.39474,0.0526316,0.110638,0.475712,0.635198,0.84673,45
"Norwegian","chase","All",114,6.13158,6.07895,-0.0526316,0.12636,-0.416522,0.677818,0.869372,46
"Norwegian","hate","All",114,6.05263,6.10526,0.0526316,0.0786492,0.669194,0.504737,0.799581,47
"Norwegian","hear","All",114,6.2807,6.22807,-0.0526316,0.0971909,-0.541528,0.58921,0.827401,48
"Norwegian","push","All",114,6.29825,6.24561,-0.0526316,0.0922742,-0.570382,0.569551,0.827401,49
"Norwegian","carry","All",114,6.07895,6.12281,0.0438596,0.129124,0.339672,0.734734,0.898009,50
"Norwegian","shake","All",114,6.18421,6.22807,0.0438596,0.0801628,0.547132,0.585367,0.827401,51
"Norwegian","cut","All",114,6.08772,6.12281,0.0350877,0.0862633,0.406751,0.68496,0.869372,52
"Norwegian","tease","All",114,6.17544,6.21053,0.0350877,0.0972609,0.360759,0.718953,0.8953,53
"Norwegian","dislike","All",114,6.13158,6.10526,-0.0263158,0.0563614,-0.466912,0.641462,0.84673,54
"Norwegian","know","All",114,5.60526,5.63158,0.0263158,0.100039,0.263055,0.792987,0.934592,55
"Norwegian","love","All",114,6.33333,6.35965,0.0263158,0.109664,0.239968,0.81079,0.93881,56
"Norwegian","disgust","All",114,5.30702,5.28947,-0.0175439,0.164824,-0.10644,0.915422,0.949234,57
"Norwegian","eat","All",114,5.91228,5.89474,-0.0175439,0.117537,-0.149262,0.881613,0.949234,58
"Norwegian","help","All",114,6.5,6.51754,0.0175439,0.0844927,0.207637,0.835886,0.949234,59
"Norwegian","listento","All",114,6.19298,6.17544,-0.0175439,0.106447,-0.164813,0.869385,0.949234,60
"Norwegian","scare","All",114,6.40351,6.42105,0.0175439,0.0610197,0.287511,0.774247,0.929097,61
"Norwegian","watch","All",114,5.9386,5.95614,0.0175439,0.148993,0.11775,0.906475,0.949234,62
"Norwegian","hit","All",114,6.24561,6.23684,-0.00877193,0.0665139,-0.131881,0.895313,0.949234,63
"Norwegian","see","All",114,6.30702,6.29825,-0.00877193,0.0876611,-0.100066,0.920469,0.949234,64
"Norwegian","teach","All",114,5.70175,5.69298,-0.00877193,0.113856,-0.0770442,0.938725,0.953167,65
"Norwegian","recognize","All",114,6.23684,6.23684,0,0.104249,0,1,1,66
"Norwegian","call","Passive",57,5.31579,5.92982,0.614035,0.207555,2.95842,0.00452352,0.203867,1
"Norwegian","drop","Passive",57,5.70175,5.26316,-0.438596,0.226692,-1.93476,0.0580764,0.45768,2
"Norwegian","disgust","Passive",57,5.40351,5,-0.403509,0.227853,-1.77092,0.0820169,0.45768,3
"Norwegian","please","Passive",57,4.87719,4.54386,-0.333333,0.181081,-1.8408,0.0709513,0.45768,4
"Norwegian","upset","Passive",57,6.21053,5.87719,-0.333333,0.15897,-2.09683,0.0405374,0.45768,5
"Norwegian","fear","Passive",57,5.15789,5.47368,0.315789,0.240298,1.31416,0.19415,0.674418,6
"Norwegian","entertain","Passive",57,6.26316,6.5614,0.298246,0.109008,2.73599,0.00831612,0.203867,7
"Norwegian","pat","Passive",57,6.10526,5.80702,-0.298246,0.145881,-2.04444,0.0456218,0.45768,8
"Norwegian","shock","Passive",57,6.08772,6.35088,0.263158,0.136015,1.93476,0.0580764,0.45768,9
"Norwegian","ignore","Passive",57,6.40351,6.15789,-0.245614,0.137742,-1.78314,0.0799826,0.45768,10
"Norwegian","calm","Passive",57,6.15789,6.36842,0.210526,0.134185,1.56893,0.122298,0.583472,11
"Norwegian","disturb","Passive",57,6.22807,6.4386,0.210526,0.0781075,2.69534,0.00926666,0.203867,12
"Norwegian","kick","Passive",57,6.14035,6.35088,0.210526,0.14539,1.44801,0.153191,0.583472,13
"Norwegian","kiss","Passive",57,6.26316,6.47368,0.210526,0.0960917,2.19089,0.0326377,0.45768,14
"Norwegian","provoke","Passive",57,6.21053,6.42105,0.210526,0.119357,1.76383,0.0832145,0.45768,15
"Norwegian","see","Passive",57,6.2807,6.07018,-0.210526,0.147529,-1.42701,0.159129,0.583472,16
"Norwegian","trust","Passive",57,5.64912,5.85965,0.210526,0.171125,1.23025,0.223747,0.738364,17
"Norwegian","bother","Passive",57,6.31579,6.12281,-0.192982,0.164976,-1.16976,0.247053,0.776451,18
"Norwegian","listento","Passive",57,6.05263,5.85965,-0.192982,0.188049,-1.02623,0.309194,0.787043,19
"Norwegian","remember","Passive",57,6.01754,6.21053,0.192982,0.131119,1.47182,0.146669,0.583472,20
"Norwegian","hear","Passive",57,6.22807,6.05263,-0.175439,0.164375,-1.0673,0.290414,0.787043,21
"Norwegian","like","Passive",57,6.01754,6.19298,0.175439,0.122941,1.42701,0.159129,0.583472,22
"Norwegian","notice","Passive",57,6.14035,6.31579,0.175439,0.177215,0.989974,0.326445,0.787043,23
"Norwegian","shake","Passive",57,6,6.15789,0.157895,0.141132,1.11877,0.268013,0.787043,24
"Norwegian","admire","Passive",57,6.17544,6.31579,0.140351,0.189708,0.739826,0.462496,0.789358,25
"Norwegian","amaze","Passive",57,6.17544,6.03509,-0.140351,0.155191,-0.904373,0.369672,0.787043,26
"Norwegian","avoid","Passive",57,6.05263,5.91228,-0.140351,0.200935,-0.698487,0.487763,0.789358,27
"Norwegian","pull","Passive",57,6.05263,6.19298,0.140351,0.1511,0.928861,0.356948,0.787043,28
"Norwegian","smell","Passive",57,4.96491,4.82456,-0.140351,0.221691,-0.633092,0.529251,0.800225,29
"Norwegian","spot","Passive",57,6.08772,5.94737,-0.140351,0.153159,-0.916372,0.363401,0.787043,30
"Norwegian","surprise","Passive",57,6.57895,6.4386,-0.140351,0.0917615,-1.52952,0.131766,0.583472,31
"Norwegian","teach","Passive",57,5.50877,5.64912,0.140351,0.170578,0.822796,0.414114,0.789358,32
"Norwegian","impress","Passive",57,6.52632,6.40351,-0.122807,0.127807,-0.960877,0.340745,0.787043,33
"Norwegian","overhear","Passive",57,6.14035,6.26316,0.122807,0.11214,1.09513,0.278149,0.787043,34
"Norwegian","distract","Passive",57,6.54386,6.4386,-0.105263,0.108198,-0.972871,0.334801,0.787043,35
"Norwegian","follow","Passive",57,6.22807,6.12281,-0.105263,0.131704,-0.799239,0.427529,0.789358,36
"Norwegian","hate","Passive",57,5.87719,5.98246,0.105263,0.136379,0.771845,0.443451,0.789358,37
"Norwegian","miss","Passive",57,6.01754,5.91228,-0.105263,0.151608,-0.69431,0.490358,0.789358,38
"Norwegian","recognize","Passive",57,6.2807,6.17544,-0.105263,0.140898,-0.747087,0.458136,0.789358,39
"Norwegian","cheerup","Passive",57,6.36842,6.45614,0.0877193,0.123343,0.711182,0.479923,0.789358,40
"Norwegian","dress","Passive",57,6.38596,6.29825,-0.0877193,0.104055,-0.843006,0.402811,0.789358,41
"Norwegian","love","Passive",57,6.2807,6.36842,0.0877193,0.139998,0.626575,0.533484,0.800225,42
"Norwegian","squash","Passive",57,6.14035,6.05263,-0.0877193,0.135449,-0.647621,0.519876,0.800225,43
"Norwegian","understand","Passive",57,6.22807,6.31579,0.0877193,0.115472,0.759659,0.450645,0.789358,44
"Norwegian","watch","Passive",57,5.7193,5.63158,-0.0877193,0.262865,-0.333704,0.739849,0.921321,45
"Norwegian","irritate","Passive",57,6.21053,6.2807,0.0701754,0.12729,0.551303,0.583619,0.837367,46
"Norwegian","know","Passive",57,4.98246,4.91228,-0.0701754,0.169511,-0.413987,0.680465,0.910214,47
"Norwegian","chase","Passive",57,6.2807,6.22807,-0.0526316,0.131077,-0.401533,0.689556,0.910214,48
"Norwegian","forget","Passive",57,6.01754,5.96491,-0.0526316,0.146857,-0.358386,0.721402,0.915626,49
"Norwegian","hit","Passive",57,6.15789,6.21053,0.0526316,0.0950565,0.553687,0.581997,0.837367,50
"Norwegian","hug","Passive",57,6.36842,6.42105,0.0526316,0.128664,0.409061,0.684055,0.910214,51
"Norwegian","tease","Passive",57,6.19298,6.24561,0.0526316,0.101434,0.518875,0.605893,0.850828,52
"Norwegian","wash","Passive",57,6.21053,6.15789,-0.0526316,0.142527,-0.369274,0.713316,0.915626,53
"Norwegian","believe","Passive",57,5.91228,5.94737,0.0350877,0.185578,0.189073,0.850719,0.925961,54
"Norwegian","bite","Passive",57,6.12281,6.15789,0.0350877,0.192212,0.182547,0.855813,0.925961,55
"Norwegian","carry","Passive",57,6.14035,6.10526,-0.0350877,0.180442,-0.194454,0.846524,0.925961,56
"Norwegian","eat","Passive",57,5.92982,5.96491,0.0350877,0.152187,0.230556,0.8185,0.925961,57
"Norwegian","lead","Passive",57,6.36842,6.33333,-0.0350877,0.117314,-0.299093,0.765976,0.925961,58
"Norwegian","lookat","Passive",57,5.89474,5.92982,0.0350877,0.180442,0.194454,0.846524,0.925961,59
"Norwegian","push","Passive",57,6.29825,6.33333,0.0350877,0.122538,0.286341,0.775674,0.925961,60
"Norwegian","cut","Passive",57,6.10526,6.12281,0.0175439,0.123876,0.141624,0.887885,0.938911,61
"Norwegian","help","Passive",57,6.38596,6.36842,-0.0175439,0.151209,-0.116024,0.908049,0.938911,62
"Norwegian","hold","Passive",57,6.26316,6.2807,0.0175439,0.155297,0.112969,0.910459,0.938911,63
"Norwegian","scare","Passive",57,6.40351,6.42105,0.0175439,0.0848529,0.206756,0.83695,0.925961,64
"Norwegian","dislike","Passive",57,6.03509,6.03509,0,0.0936586,0,1,1,65
"Norwegian","worry","Passive",57,5.15789,5.15789,0,0.210918,0,1,1,66
