"language","analysis","scheme","replicate","variant","engine","grp","var1","var2","vcov","sdcor","residual_sd"
"English","ordinal","full",0,"clmm","clmm","VS","(Intercept)",NA,0.398459,0.631236,1.8138
"English","ordinal","full",0,"clmm","clmm","Participant","(Intercept)",NA,5.43226,2.33072,1.8138
"English","variance_latent","clmm_cell_term_subset",0,"clmm","clmm","Cell","(Intercept)",NA,0.344748,0.587152,1.8138
"English","variance_latent","clmm_cell_term_subset",0,"clmm","clmm","VS","(Intercept)",NA,0.610823,0.781551,1.8138
"English","variance_latent","clmm_cell_term_subset",0,"clmm","clmm","PS","(Intercept)",NA,2.59209,1.61,1.8138
"English","variance_latent","clmm_cell_term_subset",0,"clmm","clmm","Participant","(Intercept)",NA,4.50842,2.12331,1.8138
"Turkish","ordinal","full",0,"clmm","clmm","VS","(Intercept)",NA,0.338063,0.581432,1.8138
"Turkish","ordinal","full",0,"clmm","clmm","Participant","(Intercept)",NA,3.76932,1.94147,1.8138
"Turkish","variance_latent","clmm_cell_term_subset",0,"clmm","clmm","Cell","(Intercept)",NA,0.409993,0.640307,1.8138
"Turkish","variance_latent","clmm_cell_term_subset",0,"clmm","clmm","VS","(Intercept)",NA,0.759806,0.871669,1.8138
"Turkish","variance_latent","clmm_cell_term_subset",0,"clmm","clmm","PS","(Intercept)",NA,3.13398,1.77031,1.8138
"Turkish","variance_latent","clmm_cell_term_subset",0,"clmm","clmm","Participant","(Intercept)",NA,2.7086,1.64578,1.8138
"Norwegian","variance_latent","clmm_cell_term_subset",0,"clmm","clmm","Cell","(Intercept)",NA,2.82835,1.68177,1.8138
"Norwegian","variance_latent","clmm_cell_term_subset",0,"clmm","clmm","VS","(Intercept)",NA,0.892509,0.944727,1.8138
"Norwegian","variance_latent","clmm_cell_term_subset",0,"clmm","clmm","PS","(Intercept)",NA,0.732238,0.855709,1.8138
"Norwegian","variance_latent","clmm_cell_term_subset",0,"clmm","clmm","Participant","(Intercept)",NA,7.30976,2.70366,1.8138
"English","ordinal","A_verb_split_lists",1,"clmm","clmm","VS","(Intercept)",NA,0.372829,0.610598,1.8138
"English","ordinal","A_verb_split_lists",1,"clmm","clmm","Participant","(Intercept)",NA,5.21111,2.28279,1.8138
"English","ordinal","A_verb_split_lists",2,"clmm","clmm","VS","(Intercept)",NA,0.379213,0.615803,1.8138
"English","ordinal","A_verb_split_lists",2,"clmm","clmm","Participant","(Intercept)",NA,5.23505,2.28802,1.8138
"Turkish","ordinal","A_verb_split_lists",1,"clmm","clmm","VS","(Intercept)",NA,0.324134,0.569328,1.8138
"Turkish","ordinal","A_verb_split_lists",1,"clmm","clmm","Participant","(Intercept)",NA,3.88988,1.97228,1.8138
"Turkish","ordinal","A_verb_split_lists",2,"clmm","clmm","VS","(Intercept)",NA,0.312839,0.55932,1.8138
"Turkish","ordinal","A_verb_split_lists",2,"clmm","clmm","Participant","(Intercept)",NA,3.59533,1.89613,1.8138
"Norwegian","ordinal","full",0,"clmm","clmm","VS","(Intercept)",NA,0.349225,0.590953,1.8138
"Norwegian","ordinal","full",0,"clmm","clmm","Participant","(Intercept)",NA,4.5252,2.12725,1.8138
"Norwegian","ordinal","A_verb_split_lists",1,"clmm","clmm","VS","(Intercept)",NA,0.307378,0.554417,1.8138
"Norwegian","ordinal","A_verb_split_lists",1,"clmm","clmm","Participant","(Intercept)",NA,4.27091,2.06662,1.8138
"Norwegian","ordinal","A_verb_split_lists",2,"clmm","clmm","VS","(Intercept)",NA,0.303193,0.550629,1.8138
"Norwegian","ordinal","A_verb_split_lists",2,"clmm","clmm","Participant","(Intercept)",NA,4.22221,2.0548,1.8138
"English","variance","full_cell_and_participant_verb",0,"selected","lmer","Cell","(Intercept)",NA,0.0462886,0.215148,0.721687
"English","variance","full_cell_and_participant_verb",0,"selected","lmer","PV","(Intercept)",NA,0.0808234,0.284295,0.721687
"English","variance","full_cell_and_participant_verb",0,"selected","lmer","Verb","(Intercept)",NA,0.0765737,0.27672,0.721687
"English","variance","full_cell_and_participant_verb",0,"selected","lmer","Verb","Act",NA,0.0483089,0.219793,0.721687
"English","variance","full_cell_and_participant_verb",0,"selected","lmer","Verb","PP",NA,0.0541941,0.232796,0.721687
"English","variance","full_cell_and_participant_verb",0,"selected","lmer","Verb","(Intercept)","Act",-0.040901,-0.672481,0.721687
"English","variance","full_cell_and_participant_verb",0,"selected","lmer","Verb","(Intercept)","PP",-0.0544128,-0.844667,0.721687
"English","variance","full_cell_and_participant_verb",0,"selected","lmer","Verb","Act","PP",0.0430051,0.840486,0.721687
"English","variance","full_cell_and_participant_verb",0,"selected","lmer","Participant","(Intercept)",NA,0.482097,0.694332,0.721687
"English","variance","full_cell_and_participant_verb",0,"selected","lmer","Participant","Act",NA,0.185036,0.430158,0.721687
"English","variance","full_cell_and_participant_verb",0,"selected","lmer","Participant","PP",NA,0.865445,0.930293,0.721687
"English","variance","full_cell_and_participant_verb",0,"selected","lmer","Participant","Sem",NA,0.108527,0.329434,0.721687
"English","variance","full_cell_and_participant_verb",0,"selected","lmer","Participant","ActSem",NA,0.183895,0.42883,0.721687
"English","variance","full_cell_and_participant_verb",0,"selected","lmer","Participant","PPSem",NA,0.198248,0.445251,0.721687
"English","variance","full_cell_and_participant_verb",0,"selected","lmer","Participant","(Intercept)","Act",-0.218407,-0.73126,0.721687
"English","variance","full_cell_and_participant_verb",0,"selected","lmer","Participant","(Intercept)","PP",0.205309,0.31785,0.721687
"English","variance","full_cell_and_participant_verb",0,"selected","lmer","Participant","(Intercept)","Sem",-0.104086,-0.455049,0.721687
"English","variance","full_cell_and_participant_verb",0,"selected","lmer","Participant","(Intercept)","ActSem",0.14617,0.490915,0.721687
"English","variance","full_cell_and_participant_verb",0,"selected","lmer","Participant","(Intercept)","PPSem",0.159473,0.515842,0.721687
"English","variance","full_cell_and_participant_verb",0,"selected","lmer","Participant","Act","PP",-0.234506,-0.586012,0.721687
"English","variance","full_cell_and_participant_verb",0,"selected","lmer","Participant","Act","Sem",0.0717484,0.506309,0.721687
"English","variance","full_cell_and_participant_verb",0,"selected","lmer","Participant","Act","ActSem",-0.0960998,-0.520966,0.721687
"English","variance","full_cell_and_participant_verb",0,"selected","lmer","Participant","Act","PPSem",-0.115394,-0.60249,0.721687
"English","variance","full_cell_and_participant_verb",0,"selected","lmer","Participant","PP","Sem",-0.140522,-0.458516,0.721687
"English","variance","full_cell_and_participant_verb",0,"selected","lmer","Participant","PP","ActSem",0.193145,0.484149,0.721687
"English","variance","full_cell_and_participant_verb",0,"selected","lmer","Participant","PP","PPSem",0.225834,0.545212,0.721687
"English","variance","full_cell_and_participant_verb",0,"selected","lmer","Participant","Sem","ActSem",-0.140307,-0.993177,0.721687
"English","variance","full_cell_and_participant_verb",0,"selected","lmer","Participant","Sem","PPSem",-0.139886,-0.953675,0.721687
"English","variance","full_cell_and_participant_verb",0,"selected","lmer","Participant","ActSem","PPSem",0.184025,0.963803,0.721687
"English","variance","full_cell_and_participant_verb",0,"selected","lmer","Residual",NA,NA,0.520833,0.721687,0.721687
"English","gender","gender_model",0,"selected","lmer","VS","Gender_c",NA,1.53387e-10,1.2385e-05,0.803029
"English","gender","gender_model",0,"selected","lmer","Verb","Gender_c",NA,0,0,0.803029
"English","gender","gender_model",0,"selected","lmer","Verb","(Intercept)",NA,0.0774924,0.278375,0.803029
"English","gender","gender_model",0,"selected","lmer","Verb","Act",NA,0.0478531,0.218753,0.803029
"English","gender","gender_model",0,"selected","lmer","Verb","PP",NA,0.0537317,0.231801,0.803029
"English","gender","gender_model",0,"selected","lmer","Verb","(Intercept)","Act",-0.0406669,-0.667816,0.803029
"English","gender","gender_model",0,"selected","lmer","Verb","(Intercept)","PP",-0.0541708,-0.8395,0.803029
"English","gender","gender_model",0,"selected","lmer","Verb","Act","PP",0.0427752,0.84357,0.803029
"English","gender","gender_model",0,"selected","lmer","Participant","Gender_c",NA,0,0,0.803029
"English","gender","gender_model",0,"selected","lmer","Participant","(Intercept)",NA,0.482665,0.694741,0.803029
"English","gender","gender_model",0,"selected","lmer","Participant","Act",NA,0.184469,0.429498,0.803029
"English","gender","gender_model",0,"selected","lmer","Participant","PP",NA,0.863957,0.929493,0.803029
"English","gender","gender_model",0,"selected","lmer","Participant","Sem",NA,0.112227,0.335003,0.803029
"English","gender","gender_model",0,"selected","lmer","Participant","ActSem",NA,0.182141,0.42678,0.803029
"English","gender","gender_model",0,"selected","lmer","Participant","PPSem",NA,0.19647,0.443249,0.803029
"English","gender","gender_model",0,"selected","lmer","Participant","(Intercept)","Act",-0.217953,-0.730431,0.803029
"English","gender","gender_model",0,"selected","lmer","Participant","(Intercept)","PP",0.204914,0.317324,0.803029
"English","gender","gender_model",0,"selected","lmer","Participant","(Intercept)","Sem",-0.103886,-0.446358,0.803029
"English","gender","gender_model",0,"selected","lmer","Participant","(Intercept)","ActSem",0.14588,0.492003,0.803029
"English","gender","gender_model",0,"selected","lmer","Participant","(Intercept)","PPSem",0.159165,0.516865,0.803029
"English","gender","gender_model",0,"selected","lmer","Participant","Act","PP",-0.234438,-0.587247,0.803029
"English","gender","gender_model",0,"selected","lmer","Participant","Act","Sem",0.0716924,0.498268,0.803029
"English","gender","gender_model",0,"selected","lmer","Participant","Act","ActSem",-0.0960108,-0.523788,0.803029
"English","gender","gender_model",0,"selected","lmer","Participant","Act","PPSem",-0.115297,-0.605632,0.803029
"English","gender","gender_model",0,"selected","lmer","Participant","PP","Sem",-0.140436,-0.451006,0.803029
"English","gender","gender_model",0,"selected","lmer","Participant","PP","ActSem",0.193011,0.486556,0.803029
"English","gender","gender_model",0,"selected","lmer","Participant","PP","PPSem",0.225676,0.547761,0.803029
"English","gender","gender_model",0,"selected","lmer","Participant","Sem","ActSem",-0.139445,-0.975328,0.803029
"English","gender","gender_model",0,"selected","lmer","Participant","Sem","PPSem",-0.139027,-0.93627,0.803029
"English","gender","gender_model",0,"selected","lmer","Participant","ActSem","PPSem",0.183143,0.968142,0.803029
"English","gender","gender_model",0,"selected","lmer","Residual",NA,NA,0.644856,0.803029,0.803029
"Turkish","variance","full_cell_and_participant_verb",0,"selected","lmer","Cell","(Intercept)",NA,0.0268294,0.163797,0.641385
"Turkish","variance","full_cell_and_participant_verb",0,"selected","lmer","PV","(Intercept)",NA,0.0844286,0.290566,0.641385
"Turkish","variance","full_cell_and_participant_verb",0,"selected","lmer","Verb","PP",NA,0.0189208,0.137553,0.641385
"Turkish","variance","full_cell_and_participant_verb",0,"selected","lmer","Verb","Act",NA,0.0147512,0.121455,0.641385
"Turkish","variance","full_cell_and_participant_verb",0,"selected","lmer","Verb","(Intercept)",NA,0.0551716,0.234886,0.641385
"Turkish","variance","full_cell_and_participant_verb",0,"selected","lmer","Participant","PPSem",NA,0.0467939,0.216319,0.641385
"Turkish","variance","full_cell_and_participant_verb",0,"selected","lmer","Participant","Sem",NA,0.00925904,0.0962239,0.641385
"Turkish","variance","full_cell_and_participant_verb",0,"selected","lmer","Participant","PP",NA,0.769244,0.877065,0.641385
"Turkish","variance","full_cell_and_participant_verb",0,"selected","lmer","Participant","Act",NA,0.687815,0.829346,0.641385
"Turkish","variance","full_cell_and_participant_verb",0,"selected","lmer","Participant","(Intercept)",NA,0.862366,0.928637,0.641385
"Turkish","variance","full_cell_and_participant_verb",0,"selected","lmer","Residual",NA,NA,0.411374,0.641385,0.641385
"Turkish","gender","gender_model",0,"selected","lmer","VS","Gender_c",NA,0,0,0.720537
"Turkish","gender","gender_model",0,"selected","lmer","Verb","Gender_c",NA,0.000963067,0.0310333,0.720537
"Turkish","gender","gender_model",0,"selected","lmer","Verb","PP",NA,0.0173383,0.131675,0.720537
"Turkish","gender","gender_model",0,"selected","lmer","Verb","Act",NA,0.0131766,0.11479,0.720537
"Turkish","gender","gender_model",0,"selected","lmer","Verb","(Intercept)",NA,0.0546257,0.233721,0.720537
"Turkish","gender","gender_model",0,"selected","lmer","Participant","Gender_c",NA,0.00161473,0.0401837,0.720537
"Turkish","gender","gender_model",0,"selected","lmer","Participant","PPSem",NA,0.0453505,0.212957,0.720537
"Turkish","gender","gender_model",0,"selected","lmer","Participant","Sem",NA,0.0135234,0.11629,0.720537
"Turkish","gender","gender_model",0,"selected","lmer","Participant","PP",NA,0.767562,0.876106,0.720537
"Turkish","gender","gender_model",0,"selected","lmer","Participant","Act",NA,0.685821,0.828143,0.720537
"Turkish","gender","gender_model",0,"selected","lmer","Participant","(Intercept)",NA,0.862122,0.928505,0.720537
"Turkish","gender","gender_model",0,"selected","lmer","Residual",NA,NA,0.519173,0.720537,0.720537
"English","variance","full_cell_term",0,"selected","lmer","Cell","(Intercept)",NA,0.127065,0.356462,0.721686
"English","variance","full_cell_term",0,"selected","lmer","Verb","(Intercept)",NA,0.0765765,0.276725,0.721686
"English","variance","full_cell_term",0,"selected","lmer","Verb","Act",NA,0.0459916,0.214457,0.721686
"English","variance","full_cell_term",0,"selected","lmer","Verb","PP",NA,0.0518716,0.227753,0.721686
"English","variance","full_cell_term",0,"selected","lmer","Verb","(Intercept)","Act",-0.0397423,-0.669678,0.721686
"English","variance","full_cell_term",0,"selected","lmer","Verb","(Intercept)","PP",-0.0532507,-0.844914,0.721686
"English","variance","full_cell_term",0,"selected","lmer","Verb","Act","PP",0.0418531,0.856886,0.721686
"English","variance","full_cell_term",0,"selected","lmer","Participant","(Intercept)",NA,0.482128,0.694354,0.721686
"English","variance","full_cell_term",0,"selected","lmer","Participant","Act",NA,0.18279,0.427539,0.721686
"English","variance","full_cell_term",0,"selected","lmer","Participant","PP",NA,0.862498,0.928708,0.721686
"English","variance","full_cell_term",0,"selected","lmer","Participant","Sem",NA,0.108656,0.32963,0.721686
"English","variance","full_cell_term",0,"selected","lmer","Participant","ActSem",NA,0.175311,0.418702,0.721686
"English","variance","full_cell_term",0,"selected","lmer","Participant","PPSem",NA,0.189473,0.435285,0.721686
"English","variance","full_cell_term",0,"selected","lmer","Participant","(Intercept)","Act",-0.217307,-0.732008,0.721686
"English","variance","full_cell_term",0,"selected","lmer","Participant","(Intercept)","PP",0.206216,0.319788,0.721686
"English","variance","full_cell_term",0,"selected","lmer","Participant","(Intercept)","Sem",-0.104143,-0.45501,0.721686
"English","variance","full_cell_term",0,"selected","lmer","Participant","(Intercept)","ActSem",0.146267,0.503106,0.721686
"English","variance","full_cell_term",0,"selected","lmer","Participant","(Intercept)","PPSem",0.159543,0.527864,0.721686
"English","variance","full_cell_term",0,"selected","lmer","Participant","Act","PP",-0.235554,-0.593247,0.721686
"English","variance","full_cell_term",0,"selected","lmer","Participant","Act","Sem",0.0717507,0.509124,0.721686
"English","variance","full_cell_term",0,"selected","lmer","Participant","Act","ActSem",-0.0961359,-0.537038,0.721686
"English","variance","full_cell_term",0,"selected","lmer","Participant","Act","PPSem",-0.11538,-0.619984,0.721686
"English","variance","full_cell_term",0,"selected","lmer","Participant","PP","Sem",-0.140394,-0.458611,0.721686
"English","variance","full_cell_term",0,"selected","lmer","Participant","PP","ActSem",0.192989,0.496305,0.721686
"English","variance","full_cell_term",0,"selected","lmer","Participant","PP","PPSem",0.225613,0.558099,0.721686
"English","variance","full_cell_term",0,"selected","lmer","Participant","Sem","ActSem",-0.135836,-0.984197,0.721686
"English","variance","full_cell_term",0,"selected","lmer","Participant","Sem","PPSem",-0.135502,-0.94438,0.721686
"English","variance","full_cell_term",0,"selected","lmer","Participant","ActSem","PPSem",0.179331,0.983956,0.721686
"English","variance","full_cell_term",0,"selected","lmer","Residual",NA,NA,0.520831,0.721686,0.721686
"Turkish","variance","full_cell_term",0,"selected","lmer","Cell","(Intercept)",NA,0.111232,0.333514,0.641387
"Turkish","variance","full_cell_term",0,"selected","lmer","Verb","PP",NA,0.0141301,0.11887,0.641387
"Turkish","variance","full_cell_term",0,"selected","lmer","Verb","Act",NA,0.00997652,0.0998825,0.641387
"Turkish","variance","full_cell_term",0,"selected","lmer","Verb","(Intercept)",NA,0.0510696,0.225986,0.641387
"Turkish","variance","full_cell_term",0,"selected","lmer","Participant","PPSem",NA,0.042516,0.206194,0.641387
"Turkish","variance","full_cell_term",0,"selected","lmer","Participant","Sem",NA,0.0125492,0.112023,0.641387
"Turkish","variance","full_cell_term",0,"selected","lmer","Participant","PP",NA,0.763888,0.874007,0.641387
"Turkish","variance","full_cell_term",0,"selected","lmer","Participant","Act",NA,0.681881,0.825761,0.641387
"Turkish","variance","full_cell_term",0,"selected","lmer","Participant","(Intercept)",NA,0.858602,0.926608,0.641387
"Turkish","variance","full_cell_term",0,"selected","lmer","Residual",NA,NA,0.411377,0.641387,0.641387
"English","information_loss","full",0,"selected","lmer","Verb","(Intercept)",NA,0.0774786,0.27835,0.803268
"English","information_loss","full",0,"selected","lmer","Verb","Act",NA,0.047846,0.218737,0.803268
"English","information_loss","full",0,"selected","lmer","Verb","PP",NA,0.0537314,0.2318,0.803268
"English","information_loss","full",0,"selected","lmer","Verb","(Intercept)","Act",-0.0406579,-0.667778,0.803268
"English","information_loss","full",0,"selected","lmer","Verb","(Intercept)","PP",-0.0541657,-0.839497,0.803268
"English","information_loss","full",0,"selected","lmer","Verb","Act","PP",0.0427752,0.843636,0.803268
"English","information_loss","full",0,"selected","lmer","Participant","(Intercept)",NA,0.482632,0.694717,0.803268
"English","information_loss","full",0,"selected","lmer","Participant","Act",NA,0.184577,0.429625,0.803268
"English","information_loss","full",0,"selected","lmer","Participant","PP",NA,0.864873,0.929986,0.803268
"English","information_loss","full",0,"selected","lmer","Participant","Sem",NA,0.11222,0.334993,0.803268
"English","information_loss","full",0,"selected","lmer","Participant","ActSem",NA,0.182168,0.426812,0.803268
"English","information_loss","full",0,"selected","lmer","Participant","PPSem",NA,0.196479,0.44326,0.803268
"English","information_loss","full",0,"selected","lmer","Participant","(Intercept)","Act",-0.218054,-0.730578,0.803268
"English","information_loss","full",0,"selected","lmer","Participant","(Intercept)","PP",0.205455,0.318004,0.803268
"English","information_loss","full",0,"selected","lmer","Participant","(Intercept)","Sem",-0.103953,-0.446678,0.803268
"English","information_loss","full",0,"selected","lmer","Participant","(Intercept)","ActSem",0.146011,0.492425,0.803268
"English","information_loss","full",0,"selected","lmer","Participant","(Intercept)","PPSem",0.159281,0.517247,0.803268
"English","information_loss","full",0,"selected","lmer","Participant","Act","PP",-0.234827,-0.587737,0.803268
"English","information_loss","full",0,"selected","lmer","Participant","Act","Sem",0.071735,0.498433,0.803268
"English","information_loss","full",0,"selected","lmer","Participant","Act","ActSem",-0.0960983,-0.524071,0.803268
"English","information_loss","full",0,"selected","lmer","Participant","Act","PPSem",-0.11537,-0.605824,0.803268
"English","information_loss","full",0,"selected","lmer","Participant","PP","Sem",-0.14049,-0.450956,0.803268
"English","information_loss","full",0,"selected","lmer","Participant","PP","ActSem",0.193121,0.486539,0.803268
"English","information_loss","full",0,"selected","lmer","Participant","PP","PPSem",0.225784,0.54772,0.803268
"English","information_loss","full",0,"selected","lmer","Participant","Sem","ActSem",-0.139454,-0.975344,0.803268
"English","information_loss","full",0,"selected","lmer","Participant","Sem","PPSem",-0.139024,-0.936257,0.803268
"English","information_loss","full",0,"selected","lmer","Participant","ActSem","PPSem",0.183171,0.968194,0.803268
"English","information_loss","full",0,"selected","lmer","Residual",NA,NA,0.64524,0.803268,0.803268
"Turkish","information_loss","full",0,"selected","lmer","Verb","PP",NA,0.0173079,0.13156,0.721281
"Turkish","information_loss","full",0,"selected","lmer","Verb","Act",NA,0.0131468,0.114659,0.721281
"Turkish","information_loss","full",0,"selected","lmer","Verb","(Intercept)",NA,0.0545881,0.233641,0.721281
"Turkish","information_loss","full",0,"selected","lmer","Participant","PPSem",NA,0.045321,0.212887,0.721281
"Turkish","information_loss","full",0,"selected","lmer","Participant","Sem",NA,0.013516,0.116258,0.721281
"Turkish","information_loss","full",0,"selected","lmer","Participant","PP",NA,0.7676,0.876128,0.721281
"Turkish","information_loss","full",0,"selected","lmer","Participant","Act",NA,0.685743,0.828096,0.721281
"Turkish","information_loss","full",0,"selected","lmer","Participant","(Intercept)",NA,0.86213,0.92851,0.721281
"Turkish","information_loss","full",0,"selected","lmer","Residual",NA,NA,0.520246,0.721281,0.721281
"Turkish","information_loss","full",0,"maximal","lmer","Verb","(Intercept)",NA,0.0688907,0.26247,0.720454
"Turkish","information_loss","full",0,"maximal","lmer","Verb","Act",NA,0.0215955,0.146954,0.720454
"Turkish","information_loss","full",0,"maximal","lmer","Verb","PP",NA,0.0258156,0.160672,0.720454
"Turkish","information_loss","full",0,"maximal","lmer","Verb","(Intercept)","Act",-0.0302071,-0.783155,0.720454
"Turkish","information_loss","full",0,"maximal","lmer","Verb","(Intercept)","PP",-0.0236686,-0.561242,0.720454
"Turkish","information_loss","full",0,"maximal","lmer","Verb","Act","PP",0.020063,0.849715,0.720454
"Turkish","information_loss","full",0,"maximal","lmer","Participant","(Intercept)",NA,0.87392,0.934837,0.720454
"Turkish","information_loss","full",0,"maximal","lmer","Participant","Act",NA,0.696139,0.834349,0.720454
"Turkish","information_loss","full",0,"maximal","lmer","Participant","PP",NA,0.776459,0.881169,0.720454
"Turkish","information_loss","full",0,"maximal","lmer","Participant","Sem",NA,0.0268634,0.163901,0.720454
"Turkish","information_loss","full",0,"maximal","lmer","Participant","ActSem",NA,0.0127511,0.112921,0.720454
"Turkish","information_loss","full",0,"maximal","lmer","Participant","PPSem",NA,0.0405382,0.201341,0.720454
"Turkish","information_loss","full",0,"maximal","lmer","Participant","(Intercept)","Act",-0.724643,-0.929053,0.720454
"Turkish","information_loss","full",0,"maximal","lmer","Participant","(Intercept)","PP",-0.488854,-0.59345,0.720454
"Turkish","information_loss","full",0,"maximal","lmer","Participant","(Intercept)","Sem",-0.0360111,-0.235028,0.720454
"Turkish","information_loss","full",0,"maximal","lmer","Participant","(Intercept)","ActSem",0.0573505,0.543285,0.720454
"Turkish","information_loss","full",0,"maximal","lmer","Participant","(Intercept)","PPSem",0.00594433,0.0315816,0.720454
"Turkish","information_loss","full",0,"maximal","lmer","Participant","Act","PP",0.484238,0.658646,0.720454
"Turkish","information_loss","full",0,"maximal","lmer","Participant","Act","Sem",0.0368218,0.269263,0.720454
"Turkish","information_loss","full",0,"maximal","lmer","Participant","Act","ActSem",-0.0461364,-0.48969,0.720454
"Turkish","information_loss","full",0,"maximal","lmer","Participant","Act","PPSem",-0.0106285,-0.063269,0.720454
"Turkish","information_loss","full",0,"maximal","lmer","Participant","PP","Sem",0.0130767,0.0905438,0.720454
"Turkish","information_loss","full",0,"maximal","lmer","Participant","PP","ActSem",-0.0208061,-0.209102,0.720454
"Turkish","information_loss","full",0,"maximal","lmer","Participant","PP","PPSem",-0.0470427,-0.265155,0.720454
"Turkish","information_loss","full",0,"maximal","lmer","Participant","Sem","ActSem",-0.0171817,-0.928349,0.720454
"Turkish","information_loss","full",0,"maximal","lmer","Participant","Sem","PPSem",-0.000529043,-0.0160316,0.720454
"Turkish","information_loss","full",0,"maximal","lmer","Participant","ActSem","PPSem",8.93012e-06,0.000392781,0.720454
"Turkish","information_loss","full",0,"maximal","lmer","Residual",NA,NA,0.519054,0.720454,0.720454
"Norwegian","variance","full_cell_and_participant_verb",0,"selected","lmer","Cell","(Intercept)",NA,0.144748,0.380458,0.775719
"Norwegian","variance","full_cell_and_participant_verb",0,"selected","lmer","PV","(Intercept)",NA,0.348924,0.590698,0.775719
"Norwegian","variance","full_cell_and_participant_verb",0,"selected","lmer","Verb","(Intercept)",NA,0.129969,0.360513,0.775719
"Norwegian","variance","full_cell_and_participant_verb",0,"selected","lmer","Verb","Act",NA,0.0406461,0.201609,0.775719
"Norwegian","variance","full_cell_and_participant_verb",0,"selected","lmer","Verb","(Intercept)","Act",-0.0476708,-0.655877,0.775719
"Norwegian","variance","full_cell_and_participant_verb",0,"selected","lmer","Participant","Sem",NA,0.0549785,0.234475,0.775719
"Norwegian","variance","full_cell_and_participant_verb",0,"selected","lmer","Participant","Act",NA,0.136863,0.36995,0.775719
"Norwegian","variance","full_cell_and_participant_verb",0,"selected","lmer","Participant","(Intercept)",NA,0.793656,0.890874,0.775719
"Norwegian","variance","full_cell_and_participant_verb",0,"selected","lmer","Residual",NA,NA,0.60174,0.775719,0.775719
"Norwegian","gender","gender_model",0,"selected","lmer","VS","Gender_c",NA,0,0,1.04051
"Norwegian","gender","gender_model",0,"selected","lmer","Verb","Gender_c",NA,2.25998e-10,1.50332e-05,1.04051
"Norwegian","gender","gender_model",0,"selected","lmer","Verb","(Intercept)",NA,0.134474,0.366707,1.04051
"Norwegian","gender","gender_model",0,"selected","lmer","Verb","Act",NA,0.0372878,0.1931,1.04051
"Norwegian","gender","gender_model",0,"selected","lmer","Verb","(Intercept)","Act",-0.0459933,-0.649519,1.04051
"Norwegian","gender","gender_model",0,"selected","lmer","Participant","Gender_c",NA,0,0,1.04051
"Norwegian","gender","gender_model",0,"selected","lmer","Participant","Sem",NA,0.0735326,0.271169,1.04051
"Norwegian","gender","gender_model",0,"selected","lmer","Participant","Act",NA,0.133638,0.365566,1.04051
"Norwegian","gender","gender_model",0,"selected","lmer","Participant","(Intercept)",NA,0.796048,0.892215,1.04051
"Norwegian","gender","gender_model",0,"selected","lmer","Residual",NA,NA,1.08265,1.04051,1.04051
"Norwegian","variance","full_cell_term",0,"selected","lmer","Cell","(Intercept)",NA,0.491035,0.700739,0.775721
"Norwegian","variance","full_cell_term",0,"selected","lmer","Verb","(Intercept)",NA,0.130037,0.360606,0.775721
"Norwegian","variance","full_cell_term",0,"selected","lmer","Verb","Act",NA,0.0284806,0.168762,0.775721
"Norwegian","variance","full_cell_term",0,"selected","lmer","Verb","(Intercept)","Act",-0.0415801,-0.683247,0.775721
"Norwegian","variance","full_cell_term",0,"selected","lmer","Participant","Sem",NA,0.0658195,0.256553,0.775721
"Norwegian","variance","full_cell_term",0,"selected","lmer","Participant","Act",NA,0.125225,0.353871,0.775721
"Norwegian","variance","full_cell_term",0,"selected","lmer","Participant","(Intercept)",NA,0.788188,0.887799,0.775721
"Norwegian","variance","full_cell_term",0,"selected","lmer","Residual",NA,NA,0.601742,0.775721,0.775721
"Norwegian","information_loss","full",0,"selected","lmer","Verb","(Intercept)",NA,0.134469,0.366699,1.04054
"Norwegian","information_loss","full",0,"selected","lmer","Verb","Act",NA,0.0372681,0.19305,1.04054
"Norwegian","information_loss","full",0,"selected","lmer","Verb","(Intercept)","Act",-0.0459796,-0.649511,1.04054
"Norwegian","information_loss","full",0,"selected","lmer","Participant","Sem",NA,0.0735312,0.271166,1.04054
"Norwegian","information_loss","full",0,"selected","lmer","Participant","Act",NA,0.133623,0.365545,1.04054
"Norwegian","information_loss","full",0,"selected","lmer","Participant","(Intercept)",NA,0.795872,0.892116,1.04054
"Norwegian","information_loss","full",0,"selected","lmer","Residual",NA,NA,1.08273,1.04054,1.04054
"Norwegian","information_loss","full",0,"maximal","lmer","Verb","(Intercept)",NA,0.134552,0.366814,1.03898
"Norwegian","information_loss","full",0,"maximal","lmer","Verb","Act",NA,0.0374052,0.193404,1.03898
"Norwegian","information_loss","full",0,"maximal","lmer","Verb","(Intercept)","Act",-0.0461208,-0.650108,1.03898
"Norwegian","information_loss","full",0,"maximal","lmer","Participant","(Intercept)",NA,0.80541,0.897446,1.03898
"Norwegian","information_loss","full",0,"maximal","lmer","Participant","Act",NA,0.13542,0.367994,1.03898
"Norwegian","information_loss","full",0,"maximal","lmer","Participant","Sem",NA,0.11223,0.335007,1.03898
"Norwegian","information_loss","full",0,"maximal","lmer","Participant","ActSem",NA,0.0508307,0.225457,1.03898
"Norwegian","information_loss","full",0,"maximal","lmer","Participant","(Intercept)","Act",-0.0881353,-0.26687,1.03898
"Norwegian","information_loss","full",0,"maximal","lmer","Participant","(Intercept)","Sem",0.0658356,0.218977,1.03898
"Norwegian","information_loss","full",0,"maximal","lmer","Participant","(Intercept)","ActSem",0.0333323,0.164738,1.03898
"Norwegian","information_loss","full",0,"maximal","lmer","Participant","Act","Sem",0.0779106,0.631977,1.03898
"Norwegian","information_loss","full",0,"maximal","lmer","Participant","Act","ActSem",-0.0765116,-0.922196,1.03898
"Norwegian","information_loss","full",0,"maximal","lmer","Participant","Sem","ActSem",-0.0516206,-0.683448,1.03898
"Norwegian","information_loss","full",0,"maximal","lmer","Residual",NA,NA,1.07949,1.03898,1.03898
"English","variance_latent","lmer_cell_term_subset",0,"intercepts","lmer","Cell","(Intercept)",NA,0.123989,0.352121,0.680025
"English","variance_latent","lmer_cell_term_subset",0,"intercepts","lmer","VS","(Intercept)",NA,0.0426481,0.206514,0.680025
"English","variance_latent","lmer_cell_term_subset",0,"intercepts","lmer","PS","(Intercept)",NA,0.500549,0.707495,0.680025
"English","variance_latent","lmer_cell_term_subset",0,"intercepts","lmer","Participant","(Intercept)",NA,0.317667,0.563619,0.680025
"English","variance_latent","lmer_cell_term_subset",0,"intercepts","lmer","Residual",NA,NA,0.462434,0.680025,0.680025
"Turkish","variance_latent","lmer_cell_term_subset",0,"intercepts","lmer","Cell","(Intercept)",NA,0.116869,0.341861,0.646317
"Turkish","variance_latent","lmer_cell_term_subset",0,"intercepts","lmer","VS","(Intercept)",NA,0.0609871,0.246956,0.646317
"Turkish","variance_latent","lmer_cell_term_subset",0,"intercepts","lmer","PS","(Intercept)",NA,0.402898,0.634743,0.646317
"Turkish","variance_latent","lmer_cell_term_subset",0,"intercepts","lmer","Participant","(Intercept)",NA,0.21723,0.466079,0.646317
"Turkish","variance_latent","lmer_cell_term_subset",0,"intercepts","lmer","Residual",NA,NA,0.417725,0.646317,0.646317
"Norwegian","variance_latent","lmer_cell_term_subset",0,"intercepts","lmer","Cell","(Intercept)",NA,0.587134,0.766247,0.781413
"Norwegian","variance_latent","lmer_cell_term_subset",0,"intercepts","lmer","VS","(Intercept)",NA,0.107257,0.327501,0.781413
"Norwegian","variance_latent","lmer_cell_term_subset",0,"intercepts","lmer","PS","(Intercept)",NA,0.042671,0.20657,0.781413
"Norwegian","variance_latent","lmer_cell_term_subset",0,"intercepts","lmer","Participant","(Intercept)",NA,0.670593,0.818898,0.781413
"Norwegian","variance_latent","lmer_cell_term_subset",0,"intercepts","lmer","Residual",NA,NA,0.610606,0.781413,0.781413
