"language","check","value","detail"
"English","participants",70,""
"English","verbs",72,""
"English","sentence_types",3,"Passive, Active, Pseudo_Passive"
"English","rows",30240,""
"English","rows_per_participant_min",432,""
"English","rows_per_participant_max",432,""
"English","cells",15120,"participant x verb x S_Type"
"English","cells_with_two_rows",15120,""
"English","anomalous_label_rows",0,""
"English","rows_relabelled_from_sentence_text",0,"none needed"
"English","sentence_parse_mismatch_outside_anomaly",NA,"rows where parsed agent disagrees with label"
"English","cells_gender_ok",15120,"cells with exactly one man-agent and one woman-agent row"
"English","raw_trials_per_participant_max",442,"raw trial numbers include fillers"
"English","unanalysed_trials_per_participant_median",10,"fillers and other non-analysed trials"
"English","distinct_trial_orders",70,"out of participants"
"English","mean_between_participant_position_spearman",0.00118175,"0 = independent orders, 1 = one fixed order"
"English","stype_by_session_quartile_chisq_p",0.389509,"S_Type proportions constant across session quarters"
"English","position_semantics_correlation",0.00783835,"raw Semantics vs position"
"English","prop_cells_woman_version_first",0.501587,""
"English","woman_first_binomial_p",0.702294,""
"Turkish","participants",70,""
"Turkish","verbs",72,""
"Turkish","sentence_types",3,"Passive, Active, Pseudo_Passive"
"Turkish","rows",30240,""
"Turkish","rows_per_participant_min",432,""
"Turkish","rows_per_participant_max",432,""
"Turkish","cells",15120,"participant x verb x S_Type"
"Turkish","cells_with_two_rows",15120,""
"Turkish","anomalous_label_rows",0,""
"Turkish","rows_relabelled_from_sentence_text",0,"none needed"
"Turkish","sentence_parse_mismatch_outside_anomaly",NA,"rows where parsed agent disagrees with label"
"Turkish","cells_gender_ok",15120,"cells with exactly one man-agent and one woman-agent row"
"Turkish","raw_trials_per_participant_max",442,"raw trial numbers include fillers"
"Turkish","unanalysed_trials_per_participant_median",10,"fillers and other non-analysed trials"
"Turkish","distinct_trial_orders",70,"out of participants"
"Turkish","mean_between_participant_position_spearman",0.00103738,"0 = independent orders, 1 = one fixed order"
"Turkish","stype_by_session_quartile_chisq_p",0.329595,"S_Type proportions constant across session quarters"
"Turkish","position_semantics_correlation",-0.00329491,"raw Semantics vs position"
"Turkish","prop_cells_woman_version_first",0.506217,""
"Turkish","woman_first_binomial_p",0.128313,""
"Norwegian","participants",57,""
"Norwegian","verbs",66,""
"Norwegian","sentence_types",2,"Passive, Active"
"Norwegian","rows",15048,""
"Norwegian","rows_per_participant_min",264,""
"Norwegian","rows_per_participant_max",264,""
"Norwegian","cells",7524,"participant x verb x S_Type"
"Norwegian","cells_with_two_rows",7524,""
"Norwegian","anomalous_label_rows",114,"watch x Active"
"Norwegian","rows_relabelled_from_sentence_text",57,"relabelled from raw sentence text (watch x Active, agent 'Mannen')"
"Norwegian","sentence_parse_mismatch_outside_anomaly",0,"rows where parsed agent disagrees with label"
"Norwegian","cells_gender_ok",7524,"cells with exactly one man-agent and one woman-agent row"
"Norwegian","raw_trials_per_participant_max",406,"raw trial numbers include fillers"
"Norwegian","unanalysed_trials_per_participant_median",142,"fillers plus the excluded synthetic passives"
"Norwegian","distinct_trial_orders",57,"out of participants"
"Norwegian","mean_between_participant_position_spearman",-0.000216851,"0 = independent orders, 1 = one fixed order"
"Norwegian","stype_by_session_quartile_chisq_p",0.993804,"S_Type proportions constant across session quarters"
"Norwegian","position_semantics_correlation",-0.000326842,"raw Semantics vs position"
"Norwegian","prop_cells_woman_version_first",0.497608,""
"Norwegian","woman_first_binomial_p",0.686583,""
