"language","engine","variant","hypothesis","term","scheme","compared_with","n_reps","structure","r_mean","r_min","r_max","z_ratio_mean","z_ratio_min","z_ratio_max","est_full_mean","se_full_mean","z_full_mean","est_half_mean","se_half_mean","z_half_mean","n_half_singular","full_singular","r_analytic_N80","verb_floor_share_full"
"English","clmm","clmm","h1a","Semantics_scaled","A_verb_split_lists","full data, same model",2,"R ~ S_Type * Semantics_scaled + (1 | Participant) + (1 | VS)",0.983521,0.979988,0.987054,1.01914,1.00573,1.03255,0.682077,0.156508,4.3581,0.706823,0.159132,4.44152,0,FALSE,NA,NA
"English","lmer","selected","h1a","Semantics_scaled","A_verb_split_lists","full data with participant x verb x S_Type cell term",10,"P[corr:1,Act,PP,Sem,ActSem,PPSem] V[corr:1,Act,PP]",0.972201,0.920041,1.01029,0.999845,0.926015,1.08159,0.257667,0.0786018,3.27813,0.265069,0.0809203,3.27762,4,FALSE,NA,NA
"English","lmer","selected","h1a","Semantics_scaled","B_random_per_cell","full data with participant x verb x S_Type cell term",5,"P[corr:1,Act,PP,Sem,ActSem,PPSem] V[corr:1,Act,PP]",0.959183,0.943191,0.977829,1.00566,0.914869,1.10639,0.257667,0.0786018,3.27813,0.270357,0.0819589,3.29668,4,FALSE,NA,NA
"English","lmer","selected","h1a","Semantics_scaled","C_first_exposure","full data with participant x verb x S_Type cell term",1,"P[corr:1,Act,PP,Sem,ActSem,PPSem] V[corr:1,Act,PP]",0.933203,0.933203,0.933203,0.992925,0.992925,0.992925,0.257667,0.0786018,3.27813,0.274157,0.084228,3.25494,1,FALSE,NA,NA
"English","lmer","selected","h1a","Semantics_scaled","A_verb_split_lists","full data, same model",10,"P[corr:1,Act,PP,Sem,ActSem,PPSem] V[corr:1,Act,PP]",0.97609,0.923722,1.01433,1.00385,0.92972,1.08592,0.257667,0.0789163,3.26506,0.265069,0.0809203,3.27762,4,FALSE,0.977414,0.700889
"English","lmer","selected","h1a","Semantics_scaled","B_random_per_cell","full data, same model",5,"P[corr:1,Act,PP,Sem,ActSem,PPSem] V[corr:1,Act,PP]",0.963021,0.946965,0.981742,1.00968,0.918529,1.11082,0.257667,0.0789163,3.26506,0.270357,0.0819589,3.29668,4,FALSE,NA,NA
"English","lmer","selected","h1a","Semantics_scaled","C_first_exposure","full data, same model",1,"P[corr:1,Act,PP,Sem,ActSem,PPSem] V[corr:1,Act,PP]",0.936936,0.936936,0.936936,0.996898,0.996898,0.996898,0.257667,0.0789163,3.26506,0.274157,0.084228,3.25494,1,FALSE,NA,NA
"English","lmer","selected","h1a","Semantics_scaled","boot80_A_verb_split_lists","full data, same model",3,"P[corr:1,Act,PP,Sem,ActSem,PPSem] V[corr:1,Act,PP]",0.970465,0.926883,1.01195,0.944358,0.908984,0.986308,0.274028,0.0790415,3.44778,0.265969,0.081365,3.26105,0,TRUE,NA,NA
"English","clmm","clmm","h1b","S_TypeActive:Semantics_scaled","A_verb_split_lists","full data, same model",2,"R ~ S_Type * Semantics_scaled + (1 | Participant) + (1 | VS)",0.968592,0.965103,0.972081,0.98116,0.941138,1.02118,-0.981336,0.225538,-4.35109,-0.994228,0.232854,-4.26912,0,FALSE,NA,NA
"English","lmer","selected","h1b","S_TypeActive:Semantics_scaled","A_verb_split_lists","full data with participant x verb x S_Type cell term",10,"P[corr:1,Act,PP,Sem,ActSem,PPSem] V[corr:1,Act,PP]",0.969285,0.91114,1.04576,0.977074,0.903957,1.09273,-0.328298,0.0756256,-4.34109,-0.330934,0.0781368,-4.24157,4,FALSE,NA,NA
"English","lmer","selected","h1b","S_TypeActive:Semantics_scaled","B_random_per_cell","full data with participant x verb x S_Type cell term",5,"P[corr:1,Act,PP,Sem,ActSem,PPSem] V[corr:1,Act,PP]",0.966665,0.9236,0.998569,1.0008,0.953687,1.10284,-0.328298,0.0756256,-4.34109,-0.340149,0.078285,-4.34457,4,FALSE,NA,NA
"English","lmer","selected","h1b","S_TypeActive:Semantics_scaled","C_first_exposure","full data with participant x verb x S_Type cell term",1,"P[corr:1,Act,PP,Sem,ActSem,PPSem] V[corr:1,Act,PP]",0.923732,0.923732,0.923732,0.994796,0.994796,0.994796,-0.328298,0.0756256,-4.34109,-0.353554,0.0818696,-4.3185,1,FALSE,NA,NA
"English","lmer","selected","h1b","S_TypeActive:Semantics_scaled","A_verb_split_lists","full data, same model",10,"P[corr:1,Act,PP,Sem,ActSem,PPSem] V[corr:1,Act,PP]",0.977556,0.918916,1.05469,0.985412,0.911671,1.10205,-0.328298,0.076271,-4.30436,-0.330934,0.0781368,-4.24157,4,FALSE,0.977554,0.463371
"English","lmer","selected","h1b","S_TypeActive:Semantics_scaled","B_random_per_cell","full data, same model",5,"P[corr:1,Act,PP,Sem,ActSem,PPSem] V[corr:1,Act,PP]",0.974914,0.931482,1.00709,1.00934,0.961826,1.11225,-0.328298,0.076271,-4.30436,-0.340149,0.078285,-4.34457,4,FALSE,NA,NA
"English","lmer","selected","h1b","S_TypeActive:Semantics_scaled","C_first_exposure","full data, same model",1,"P[corr:1,Act,PP,Sem,ActSem,PPSem] V[corr:1,Act,PP]",0.931615,0.931615,0.931615,1.00329,1.00329,1.00329,-0.328298,0.076271,-4.30436,-0.353554,0.0818696,-4.3185,1,FALSE,NA,NA
"English","lmer","selected","h1b","S_TypeActive:Semantics_scaled","boot80_A_verb_split_lists","full data, same model",3,"P[corr:1,Act,PP,Sem,ActSem,PPSem] V[corr:1,Act,PP]",0.938981,0.926064,0.955691,0.96293,0.926876,0.996309,-0.32864,0.0764214,-4.26258,-0.335604,0.0813248,-4.09778,0,TRUE,NA,NA
"English","clmm","clmm","h2","S_TypePseudo_Passive:Semantics_scaled","A_verb_split_lists","full data, same model",2,"R ~ S_Type * Semantics_scaled + (1 | Participant) + (1 | VS)",0.990167,0.986676,0.993659,0.994286,0.99131,0.997261,-0.930159,0.219898,-4.22996,-0.93403,0.222084,-4.20579,0,FALSE,NA,NA
"English","lmer","selected","h2","S_TypePseudo_Passive:Semantics_scaled","A_verb_split_lists","full data with participant x verb x S_Type cell term",10,"P[corr:1,Act,PP,Sem,ActSem,PPSem] V[corr:1,Act,PP]",0.960558,0.930862,1.03232,0.969754,0.891508,1.04893,-0.41391,0.0790747,-5.23441,-0.418084,0.0824039,-5.0761,4,FALSE,NA,NA
"English","lmer","selected","h2","S_TypePseudo_Passive:Semantics_scaled","B_random_per_cell","full data with participant x verb x S_Type cell term",5,"P[corr:1,Act,PP,Sem,ActSem,PPSem] V[corr:1,Act,PP]",0.940564,0.897138,0.976642,0.977703,0.869029,1.02882,-0.41391,0.0790747,-5.23441,-0.430212,0.0841767,-5.1177,4,FALSE,NA,NA
"English","lmer","selected","h2","S_TypePseudo_Passive:Semantics_scaled","C_first_exposure","full data with participant x verb x S_Type cell term",1,"P[corr:1,Act,PP,Sem,ActSem,PPSem] V[corr:1,Act,PP]",0.941057,0.941057,0.941057,1.04384,1.04384,1.04384,-0.41391,0.0790747,-5.23441,-0.459119,0.0840275,-5.46391,1,FALSE,NA,NA
"English","lmer","selected","h2","S_TypePseudo_Passive:Semantics_scaled","A_verb_split_lists","full data, same model",10,"P[corr:1,Act,PP,Sem,ActSem,PPSem] V[corr:1,Act,PP]",0.968244,0.93831,1.04058,0.977514,0.898642,1.05733,-0.41391,0.0797075,-5.19286,-0.418084,0.0824039,-5.0761,4,FALSE,0.969268,0.476466
"English","lmer","selected","h2","S_TypePseudo_Passive:Semantics_scaled","B_random_per_cell","full data, same model",5,"P[corr:1,Act,PP,Sem,ActSem,PPSem] V[corr:1,Act,PP]",0.94809,0.904317,0.984456,0.985526,0.875983,1.03705,-0.41391,0.0797075,-5.19286,-0.430212,0.0841767,-5.1177,4,FALSE,NA,NA
"English","lmer","selected","h2","S_TypePseudo_Passive:Semantics_scaled","C_first_exposure","full data, same model",1,"P[corr:1,Act,PP,Sem,ActSem,PPSem] V[corr:1,Act,PP]",0.948587,0.948587,0.948587,1.0522,1.0522,1.0522,-0.41391,0.0797075,-5.19286,-0.459119,0.0840275,-5.46391,1,FALSE,NA,NA
"English","lmer","selected","h2","S_TypePseudo_Passive:Semantics_scaled","boot80_A_verb_split_lists","full data, same model",3,"P[corr:1,Act,PP,Sem,ActSem,PPSem] V[corr:1,Act,PP]",0.940211,0.899362,0.993638,0.924418,0.818832,1.04628,-0.436074,0.0804976,-5.38951,-0.427486,0.0855804,-4.99192,0,TRUE,NA,NA
"Norwegian","clmm","clmm","h1a","Semantics_scaled","A_verb_split_lists","full data, same model",2,"R ~ S_Type * Semantics_scaled + (1 | Participant) + (1 | VS)",0.999574,0.998302,1.00085,0.937744,0.839595,1.03589,0.450711,0.155603,2.89655,0.422776,0.155669,2.71622,0,FALSE,NA,NA
"Norwegian","lmer","maximal","h1a","Semantics_scaled","A_verb_split_lists","full data, same model",10,"P[corr:1,Act,Sem,ActSem] V[corr:1,Act]",0.992146,0.914082,1.02997,0.978996,0.823087,1.15925,0.172357,0.104076,1.65607,0.170247,0.105007,1.62128,9,FALSE,NA,NA
"Norwegian","lmer","maximal","h1a","Semantics_scaled","C_first_exposure","full data, same model",1,"P[corr:1,Act,Sem,ActSem] V[corr:1,Act]",0.964527,0.964527,0.964527,1.0542,1.0542,1.0542,0.172357,0.104076,1.65607,0.188381,0.107904,1.74583,0,FALSE,NA,NA
"Norwegian","lmer","selected","h1a","Semantics_scaled","A_verb_split_lists","full data with participant x verb x S_Type cell term",10,"P[zcp:1,Act,Sem] V[corr:1,Act]",0.988877,0.904235,1.02312,0.975884,0.816136,1.14931,0.172357,0.10006,1.72254,0.170247,0.101306,1.681,0,FALSE,NA,NA
"Norwegian","lmer","selected","h1a","Semantics_scaled","B_random_per_cell","full data with participant x verb x S_Type cell term",5,"P[zcp:1,Act,Sem] V[corr:1,Act]",0.979993,0.968104,0.992914,1.05741,0.844123,1.26555,0.172357,0.10006,1.72254,0.185855,0.10211,1.82142,0,FALSE,NA,NA
"Norwegian","lmer","selected","h1a","Semantics_scaled","C_first_exposure","full data with participant x verb x S_Type cell term",1,"P[zcp:1,Act,Sem] V[corr:1,Act]",0.957416,0.957416,0.957416,1.04643,1.04643,1.04643,0.172357,0.10006,1.72254,0.188381,0.10451,1.80252,0,FALSE,NA,NA
"Norwegian","lmer","selected","h1a","Semantics_scaled","A_verb_split_lists","full data, same model",10,"P[zcp:1,Act,Sem] V[corr:1,Act]",0.995645,0.910424,1.03013,0.982563,0.821722,1.15717,0.172357,0.100745,1.71083,0.170247,0.101306,1.681,0,FALSE,0.995825,0.815312
"Norwegian","lmer","selected","h1a","Semantics_scaled","B_random_per_cell","full data, same model",5,"P[zcp:1,Act,Sem] V[corr:1,Act]",0.9867,0.97473,0.999709,1.06464,0.8499,1.27421,0.172357,0.100745,1.71083,0.185855,0.10211,1.82142,0,FALSE,NA,NA
"Norwegian","lmer","selected","h1a","Semantics_scaled","C_first_exposure","full data, same model",1,"P[zcp:1,Act,Sem] V[corr:1,Act]",0.963968,0.963968,0.963968,1.05359,1.05359,1.05359,0.172357,0.100745,1.71083,0.188381,0.10451,1.80252,0,FALSE,NA,NA
"Norwegian","lmer","selected","h1a","Semantics_scaled","boot80_A_verb_split_lists","full data, same model",3,"P[zcp:1,Act,Sem] V[corr:1,Act]",0.9827,0.959089,1.0127,1.07156,0.982847,1.19599,0.1784,0.10107,1.75153,0.189235,0.102909,1.8445,0,FALSE,NA,NA
"Norwegian","clmm","clmm","h1b","S_TypeActive:Semantics_scaled","A_verb_split_lists","full data, same model",2,"R ~ S_Type * Semantics_scaled + (1 | Participant) + (1 | VS)",0.997266,0.994611,0.999921,1.00559,0.878819,1.13237,-0.531104,0.220622,-2.4073,-0.535363,0.221229,-2.42076,0,FALSE,NA,NA
"Norwegian","lmer","maximal","h1b","S_TypeActive:Semantics_scaled","A_verb_split_lists","full data, same model",10,"P[corr:1,Act,Sem,ActSem] V[corr:1,Act]",0.949978,0.909887,1.01251,0.941634,0.862691,1.04919,-0.276052,0.0660232,-4.18114,-0.274024,0.0695747,-3.93711,9,FALSE,NA,NA
"Norwegian","lmer","maximal","h1b","S_TypeActive:Semantics_scaled","C_first_exposure","full data, same model",1,"P[corr:1,Act,Sem,ActSem] V[corr:1,Act]",0.88769,0.88769,0.88769,0.93836,0.93836,0.93836,-0.276052,0.0660232,-4.18114,-0.29181,0.0743764,-3.92342,0,FALSE,NA,NA
"Norwegian","lmer","selected","h1b","S_TypeActive:Semantics_scaled","A_verb_split_lists","full data with participant x verb x S_Type cell term",10,"P[zcp:1,Act,Sem] V[corr:1,Act]",0.936609,0.887904,1.01419,0.928239,0.827898,1.05093,-0.276052,0.0588436,-4.69129,-0.274024,0.0629164,-4.35464,0,FALSE,NA,NA
"Norwegian","lmer","selected","h1b","S_TypeActive:Semantics_scaled","B_random_per_cell","full data with participant x verb x S_Type cell term",5,"P[zcp:1,Act,Sem] V[corr:1,Act]",0.908843,0.815682,0.989587,0.979698,0.903983,1.05475,-0.276052,0.0588436,-4.69129,-0.299209,0.0650588,-4.59604,0,FALSE,NA,NA
"Norwegian","lmer","selected","h1b","S_TypeActive:Semantics_scaled","C_first_exposure","full data with participant x verb x S_Type cell term",1,"P[zcp:1,Act,Sem] V[corr:1,Act]",0.886574,0.886574,0.886574,0.93718,0.93718,0.93718,-0.276052,0.0588436,-4.69129,-0.29181,0.0663719,-4.39658,0,FALSE,NA,NA
"Norwegian","lmer","selected","h1b","S_TypeActive:Semantics_scaled","A_verb_split_lists","full data, same model",10,"P[zcp:1,Act,Sem] V[corr:1,Act]",0.93658,0.887876,1.01416,0.92821,0.827872,1.0509,-0.276052,0.0588418,-4.69143,-0.274024,0.0629164,-4.35464,0,FALSE,0.947849,0.662388
"Norwegian","lmer","selected","h1b","S_TypeActive:Semantics_scaled","B_random_per_cell","full data, same model",5,"P[zcp:1,Act,Sem] V[corr:1,Act]",0.908815,0.815656,0.989556,0.979667,0.903955,1.05472,-0.276052,0.0588418,-4.69143,-0.299209,0.0650588,-4.59604,0,FALSE,NA,NA
"Norwegian","lmer","selected","h1b","S_TypeActive:Semantics_scaled","C_first_exposure","full data, same model",1,"P[zcp:1,Act,Sem] V[corr:1,Act]",0.886546,0.886546,0.886546,0.937151,0.937151,0.937151,-0.276052,0.0588418,-4.69143,-0.29181,0.0663719,-4.39658,0,FALSE,NA,NA
"Norwegian","lmer","selected","h1b","S_TypeActive:Semantics_scaled","boot80_A_verb_split_lists","full data, same model",3,"P[zcp:1,Act,Sem] V[corr:1,Act]",0.913175,0.856092,0.958186,0.946835,0.897456,1.00868,-0.276537,0.0641254,-4.32821,-0.287426,0.0701715,-4.10681,0,FALSE,NA,NA
"Turkish","clmm","clmm","h1a","Semantics_scaled","A_verb_split_lists","full data, same model",2,"R ~ S_Type * Semantics_scaled + (1 | Participant) + (1 | VS)",0.989063,0.981034,0.997092,0.952182,0.912916,0.991447,0.286295,0.143557,1.9943,0.27573,0.145154,1.89893,0,FALSE,NA,NA
"Turkish","lmer","maximal","h1a","Semantics_scaled","A_verb_split_lists","full data, same model",10,"P[corr:1,Act,PP,Sem,ActSem,PPSem] V[corr:1,Act,PP]",0.970018,0.925779,0.991946,0.975871,0.84395,1.09605,0.14385,0.0668865,2.15065,0.144949,0.0690024,2.09876,5,TRUE,NA,NA
"Turkish","lmer","maximal","h1a","Semantics_scaled","C_first_exposure","full data, same model",1,"P[corr:1,Act,PP,Sem,ActSem,PPSem] V[corr:1,Act,PP]",0.880173,0.880173,0.880173,1.14928,1.14928,1.14928,0.14385,0.0668865,2.15065,0.187831,0.0759925,2.47171,0,TRUE,NA,NA
"Turkish","lmer","selected","h1a","Semantics_scaled","A_verb_split_lists","full data with participant x verb x S_Type cell term",10,"P[zcp:1,Act,PP,Sem,PPSem] V[zcp:1,Act,PP]",1.01949,0.977546,1.04869,1.02603,0.869963,1.15535,0.14385,0.0575457,2.49975,0.144949,0.0564751,2.56483,0,FALSE,NA,NA
"Turkish","lmer","selected","h1a","Semantics_scaled","B_random_per_cell","full data with participant x verb x S_Type cell term",5,"P[zcp:1,Act,PP,Sem,PPSem] V[zcp:1,Act,PP]",1.0114,0.995975,1.02287,1.00873,0.845907,1.15579,0.14385,0.0575457,2.49975,0.143464,0.0569044,2.52157,0,FALSE,NA,NA
"Turkish","lmer","selected","h1a","Semantics_scaled","C_first_exposure","full data with participant x verb x S_Type cell term",1,"P[zcp:1,Act,PP,Sem,PPSem] V[zcp:1,Act,PP]",0.895482,0.895482,0.895482,1.16927,1.16927,1.16927,0.14385,0.0575457,2.49975,0.187831,0.0642622,2.92288,0,FALSE,NA,NA
"Turkish","lmer","selected","h1a","Semantics_scaled","A_verb_split_lists","full data, same model",10,"P[zcp:1,Act,PP,Sem,PPSem] V[zcp:1,Act,PP]",1.04478,1.00179,1.0747,1.05149,0.891543,1.18401,0.14385,0.0589731,2.43924,0.144949,0.0564751,2.56483,0,FALSE,1.03898,0.884284
"Turkish","lmer","selected","h1a","Semantics_scaled","B_random_per_cell","full data, same model",5,"P[zcp:1,Act,PP,Sem,PPSem] V[zcp:1,Act,PP]",1.03649,1.02068,1.04824,1.03375,0.86689,1.18446,0.14385,0.0589731,2.43924,0.143464,0.0569044,2.52157,0,FALSE,NA,NA
"Turkish","lmer","selected","h1a","Semantics_scaled","C_first_exposure","full data, same model",1,"P[zcp:1,Act,PP,Sem,PPSem] V[zcp:1,Act,PP]",0.917695,0.917695,0.917695,1.19828,1.19828,1.19828,0.14385,0.0589731,2.43924,0.187831,0.0642622,2.92288,0,FALSE,NA,NA
"Turkish","lmer","selected","h1a","Semantics_scaled","boot80_A_verb_split_lists","full data, same model",3,"P[zcp:1,Act,PP,Sem,PPSem] V[zcp:1,Act,PP]",1.07042,1.05702,1.0781,1.15761,1.05074,1.24526,0.143772,0.0624201,2.3048,0.155573,0.0583115,2.66859,0,FALSE,NA,NA
"Turkish","clmm","clmm","h1b","S_TypeActive:Semantics_scaled","A_verb_split_lists","full data, same model",2,"R ~ S_Type * Semantics_scaled + (1 | Participant) + (1 | VS)",0.954342,0.946,0.962685,0.914531,0.789294,1.03977,-0.238051,0.211634,-1.12483,-0.228411,0.221775,-1.02869,0,FALSE,NA,NA
"Turkish","lmer","maximal","h1b","S_TypeActive:Semantics_scaled","A_verb_split_lists","full data, same model",10,"P[corr:1,Act,PP,Sem,ActSem,PPSem] V[corr:1,Act,PP]",0.918365,0.864572,0.983762,0.939101,0.794353,1.05886,-0.119237,0.0426211,-2.7976,-0.122203,0.0464849,-2.62723,5,TRUE,NA,NA
"Turkish","lmer","maximal","h1b","S_TypeActive:Semantics_scaled","C_first_exposure","full data, same model",1,"P[corr:1,Act,PP,Sem,ActSem,PPSem] V[corr:1,Act,PP]",0.835479,0.835479,0.835479,1.09185,1.09185,1.09185,-0.119237,0.0426211,-2.7976,-0.155824,0.0510139,-3.05455,0,TRUE,NA,NA
"Turkish","lmer","selected","h1b","S_TypeActive:Semantics_scaled","A_verb_split_lists","full data with participant x verb x S_Type cell term",10,"P[zcp:1,Act,PP,Sem,PPSem] V[zcp:1,Act,PP]",0.989848,0.905568,1.06001,1.01154,0.838336,1.1201,-0.119237,0.0327443,-3.64144,-0.122203,0.0331596,-3.68345,0,FALSE,NA,NA
"Turkish","lmer","selected","h1b","S_TypeActive:Semantics_scaled","B_random_per_cell","full data with participant x verb x S_Type cell term",5,"P[zcp:1,Act,PP,Sem,PPSem] V[zcp:1,Act,PP]",0.959905,0.937066,0.989255,0.982729,0.801689,1.23563,-0.119237,0.0327443,-3.64144,-0.12174,0.0341278,-3.57855,0,FALSE,NA,NA
"Turkish","lmer","selected","h1b","S_TypeActive:Semantics_scaled","C_first_exposure","full data with participant x verb x S_Type cell term",1,"P[zcp:1,Act,PP,Sem,PPSem] V[zcp:1,Act,PP]",0.870522,0.870522,0.870522,1.13764,1.13764,1.13764,-0.119237,0.0327443,-3.64144,-0.155824,0.0376146,-4.14266,0,FALSE,NA,NA
"Turkish","lmer","selected","h1b","S_TypeActive:Semantics_scaled","A_verb_split_lists","full data, same model",10,"P[zcp:1,Act,PP,Sem,PPSem] V[zcp:1,Act,PP]",1.02931,0.941666,1.10226,1.05186,0.871754,1.16475,-0.119237,0.0340496,-3.50185,-0.122203,0.0331596,-3.68345,0,FALSE,1.02451,0.638849
"Turkish","lmer","selected","h1b","S_TypeActive:Semantics_scaled","B_random_per_cell","full data, same model",5,"P[zcp:1,Act,PP,Sem,PPSem] V[zcp:1,Act,PP]",0.998169,0.974419,1.02869,1.0219,0.833645,1.28488,-0.119237,0.0340496,-3.50185,-0.12174,0.0341278,-3.57855,0,FALSE,NA,NA
"Turkish","lmer","selected","h1b","S_TypeActive:Semantics_scaled","C_first_exposure","full data, same model",1,"P[zcp:1,Act,PP,Sem,PPSem] V[zcp:1,Act,PP]",0.905223,0.905223,0.905223,1.18299,1.18299,1.18299,-0.119237,0.0340496,-3.50185,-0.155824,0.0376146,-4.14266,0,FALSE,NA,NA
"Turkish","lmer","selected","h1b","S_TypeActive:Semantics_scaled","boot80_A_verb_split_lists","full data, same model",3,"P[zcp:1,Act,PP,Sem,PPSem] V[zcp:1,Act,PP]",1.0962,1.06942,1.13058,1.2453,1.10435,1.33128,-0.11547,0.0396294,-2.92295,-0.132159,0.0361821,-3.67349,0,FALSE,NA,NA
"Turkish","clmm","clmm","h2","S_TypePseudo_Passive:Semantics_scaled","A_verb_split_lists","full data, same model",2,"R ~ S_Type * Semantics_scaled + (1 | Participant) + (1 | VS)",0.988024,0.980104,0.995945,0.87935,0.773876,0.984823,0.254481,0.203232,1.25217,0.226287,0.205709,1.10109,0,FALSE,NA,NA
"Turkish","lmer","maximal","h2","S_TypePseudo_Passive:Semantics_scaled","A_verb_split_lists","full data, same model",10,"P[corr:1,Act,PP,Sem,ActSem,PPSem] V[corr:1,Act,PP]",0.92036,0.873223,1.00437,0.800411,0.556803,1.10458,0.0920506,0.0495103,1.85922,0.0801719,0.053898,1.48814,5,TRUE,NA,NA
"Turkish","lmer","maximal","h2","S_TypePseudo_Passive:Semantics_scaled","C_first_exposure","full data, same model",1,"P[corr:1,Act,PP,Sem,ActSem,PPSem] V[corr:1,Act,PP]",0.855115,0.855115,0.855115,0.757855,0.757855,0.757855,0.0920506,0.0495103,1.85922,0.0815809,0.057899,1.40902,0,TRUE,NA,NA
"Turkish","lmer","selected","h2","S_TypePseudo_Passive:Semantics_scaled","A_verb_split_lists","full data with participant x verb x S_Type cell term",10,"P[zcp:1,Act,PP,Sem,PPSem] V[zcp:1,Act,PP]",0.953687,0.89879,1.03466,0.829149,0.57872,1.12709,0.0920506,0.0437443,2.10429,0.0801719,0.0459507,1.74477,0,FALSE,NA,NA
"Turkish","lmer","selected","h2","S_TypePseudo_Passive:Semantics_scaled","B_random_per_cell","full data with participant x verb x S_Type cell term",5,"P[zcp:1,Act,PP,Sem,PPSem] V[zcp:1,Act,PP]",0.906312,0.834797,1.00328,0.920442,0.756037,1.09196,0.0920506,0.0437443,2.10429,0.0936126,0.0484687,1.93687,0,FALSE,NA,NA
"Turkish","lmer","selected","h2","S_TypePseudo_Passive:Semantics_scaled","C_first_exposure","full data with participant x verb x S_Type cell term",1,"P[zcp:1,Act,PP,Sem,PPSem] V[zcp:1,Act,PP]",0.847052,0.847052,0.847052,0.750709,0.750709,0.750709,0.0920506,0.0437443,2.10429,0.0815809,0.051643,1.57971,0,FALSE,NA,NA
"Turkish","lmer","selected","h2","S_TypePseudo_Passive:Semantics_scaled","A_verb_split_lists","full data, same model",10,"P[zcp:1,Act,PP,Sem,PPSem] V[zcp:1,Act,PP]",0.98499,0.928291,1.06862,0.856364,0.597715,1.16408,0.0920506,0.0451801,2.03741,0.0801719,0.0459507,1.74477,0,FALSE,0.984276,0.477695
"Turkish","lmer","selected","h2","S_TypePseudo_Passive:Semantics_scaled","B_random_per_cell","full data, same model",5,"P[zcp:1,Act,PP,Sem,PPSem] V[zcp:1,Act,PP]",0.93606,0.862197,1.03621,0.950653,0.780852,1.1278,0.0920506,0.0451801,2.03741,0.0936126,0.0484687,1.93687,0,FALSE,NA,NA
"Turkish","lmer","selected","h2","S_TypePseudo_Passive:Semantics_scaled","C_first_exposure","full data, same model",1,"P[zcp:1,Act,PP,Sem,PPSem] V[zcp:1,Act,PP]",0.874854,0.874854,0.874854,0.775349,0.775349,0.775349,0.0920506,0.0451801,2.03741,0.0815809,0.051643,1.57971,0,FALSE,NA,NA
"Turkish","lmer","selected","h2","S_TypePseudo_Passive:Semantics_scaled","boot80_A_verb_split_lists","full data, same model",3,"P[zcp:1,Act,PP,Sem,PPSem] V[zcp:1,Act,PP]",1.00929,0.928157,1.06102,0.866708,0.631703,1.03536,0.11159,0.0499828,2.22371,0.0990285,0.0498029,1.93194,0,FALSE,NA,NA
