"population","K","e_wrong_sign","p_any_wrong_sign","p_contradiction","p_pooled"
"claps_protocol",6,0.4635,0.24725,0.10425,0.7985
"claps_protocol",8,0.5635,0.27425,0.075,0.84175
"claps_protocol",10,0.72775,0.30675,0.047,0.865
"claps_protocol",12,0.83675,0.31625,0.0375,0.8835
"seven",6,1.03825,0.59025,0.281,0.5575
"seven",8,1.38725,0.68275,0.203,0.64025
"seven",10,1.70325,0.725,0.1575,0.6945
"seven",12,2.00375,0.76025,0.107,0.74275
"glossa_protocol",6,1.3875,0.68025,0.2975,0.492
"glossa_protocol",8,1.908,0.7715,0.23925,0.53425
"glossa_protocol",10,2.34675,0.7985,0.192,0.5865
"glossa_protocol",12,2.82225,0.83825,0.155,0.61975
